{
  "timestamp": "2026-03-24T23:11:20.625344",
  "modulation": "qam16",
  "experiment": "all_relays_16class_vs_4class",
  "config": {
    "training_snrs": [
      5,
      10,
      15,
      20,
      25
    ],
    "seed": 42,
    "mc_bits": 10000,
    "mc_trials": 10
  },
  "variants": {
    "MLP 4-cls": {
      "params": 244,
      "ber_mean": [
        0.38391000000000003,
        0.34227,
        0.29442,
        0.24216999999999994,
        0.18824000000000002,
        0.13655,
        0.09072,
        0.055920000000000004,
        0.033100000000000004,
        0.018009999999999998,
        0.008110000000000001
      ],
      "ber_ci95_lo": [
        0.375885,
        0.336865,
        0.28895000000000004,
        0.237365,
        0.181745,
        0.130475,
        0.0866125,
        0.05175,
        0.030369999999999998,
        0.0160675,
        0.00699
      ],
      "ber_ci95_hi": [
        0.391255,
        0.3475175,
        0.2964425,
        0.24695250000000002,
        0.1921425,
        0.140475,
        0.0958175,
        0.061700000000000005,
        0.0370725,
        0.020275,
        0.009720000000000001
      ]
    },
    "MLP 16-cls": {
      "params": 472,
      "ber_mean": [
        0.38255,
        0.33758,
        0.28632,
        0.23035,
        0.17196999999999998,
        0.11088,
        0.056940000000000004,
        0.02082,
        0.0047799999999999995,
        0.0005400000000000001,
        2e-05
      ],
      "ber_ci95_lo": [
        0.3746775,
        0.3324825,
        0.281395,
        0.22735750000000002,
        0.169635,
        0.107145,
        0.055667499999999995,
        0.0192675,
        0.0042225,
        0.0003225,
        0.0
      ],
      "ber_ci95_hi": [
        0.3877175,
        0.34261,
        0.2924775,
        0.23393,
        0.17484,
        0.11437750000000001,
        0.058342500000000005,
        0.0224775,
        0.0054875,
        0.0008,
        0.0001
      ]
    },
    "VAE 4-cls": {
      "params": 1876,
      "ber_mean": [
        0.49899000000000004,
        0.4984700000000001,
        0.49856,
        0.49938000000000005,
        0.49944,
        0.49927,
        0.49921,
        0.49871,
        0.4992599999999999,
        0.49916,
        0.4991899999999999
      ],
      "ber_ci95_lo": [
        0.49260000000000004,
        0.492115,
        0.494245,
        0.49251,
        0.49252,
        0.49289,
        0.4942225,
        0.49357,
        0.49490249999999997,
        0.495235,
        0.4952025
      ],
      "ber_ci95_hi": [
        0.5068675,
        0.5057425,
        0.5020775,
        0.50483,
        0.5049399999999999,
        0.50641,
        0.5053125,
        0.5037625,
        0.5038275,
        0.503585,
        0.5033175000000001
      ]
    },
    "VAE 16-cls": {
      "params": 2112,
      "ber_mean": [
        0.38193,
        0.33647,
        0.2850499999999999,
        0.22942,
        0.17176,
        0.10927,
        0.05564,
        0.02011,
        0.00421,
        0.00043,
        0.0
      ],
      "ber_ci95_lo": [
        0.37337499999999996,
        0.3313,
        0.282535,
        0.2257,
        0.1686025,
        0.1058475,
        0.0527025,
        0.01799,
        0.003845,
        0.0001225,
        0.0
      ],
      "ber_ci95_hi": [
        0.38799500000000003,
        0.3415525,
        0.288355,
        0.23432,
        0.175465,
        0.112905,
        0.05842,
        0.0216325,
        0.004655,
        0.0007550000000000001,
        0.0
      ]
    },
    "CGAN 4-cls": {
      "params": 3093,
      "ber_mean": [
        0.38386,
        0.34158999999999995,
        0.29432,
        0.24242,
        0.18778,
        0.13662000000000002,
        0.09058999999999999,
        0.056190000000000004,
        0.03307,
        0.01806,
        0.008110000000000001
      ],
      "ber_ci95_lo": [
        0.3760275,
        0.335685,
        0.28822749999999997,
        0.2371325,
        0.18125,
        0.1312525,
        0.08617,
        0.0519175,
        0.0302475,
        0.016222499999999997,
        0.00699
      ],
      "ber_ci95_hi": [
        0.391465,
        0.34697249999999996,
        0.2970425,
        0.2478275,
        0.1913425,
        0.1409725,
        0.09525499999999999,
        0.061845000000000004,
        0.0372375,
        0.020375,
        0.009720000000000001
      ]
    },
    "CGAN 16-cls": {
      "params": 3361,
      "ber_mean": [
        0.4997600000000001,
        0.5007699999999999,
        0.5000800000000001,
        0.49982000000000004,
        0.50024,
        0.5001,
        0.5004299999999999,
        0.50057,
        0.5001399999999999,
        0.4997999999999999,
        0.5004299999999999
      ],
      "ber_ci95_lo": [
        0.48989499999999997,
        0.4922825,
        0.4899025,
        0.4897725,
        0.4918025,
        0.4915575,
        0.492475,
        0.4923575,
        0.49218,
        0.493,
        0.49337000000000003
      ],
      "ber_ci95_hi": [
        0.51039,
        0.5116999999999999,
        0.511825,
        0.50811,
        0.5073500000000001,
        0.508575,
        0.5054099999999999,
        0.5061375,
        0.50539,
        0.506255,
        0.506085
      ]
    },
    "Hybrid 4-cls": {
      "params": 244,
      "ber_mean": [
        0.39998,
        0.36814,
        0.33692,
        0.30896,
        0.28682,
        0.27109999999999995,
        0.26015,
        0.25333,
        0.25117,
        0.25027,
        0.25016999999999995
      ],
      "ber_ci95_lo": [
        0.39377249999999997,
        0.3642925,
        0.3326375,
        0.30649,
        0.2825725,
        0.26559,
        0.255435,
        0.249545,
        0.247425,
        0.2467375,
        0.246515
      ],
      "ber_ci95_hi": [
        0.4052075,
        0.372475,
        0.3418325,
        0.3111975,
        0.2902725,
        0.2759175,
        0.2654475,
        0.2578325,
        0.25508749999999997,
        0.2534875,
        0.2533325
      ]
    },
    "Hybrid 16-cls": {
      "params": 472,
      "ber_mean": [
        0.38188,
        0.33653,
        0.28637,
        0.4061,
        0.39451,
        0.38611,
        0.3805200000000001,
        0.37696999999999997,
        0.37577999999999995,
        0.37551999999999996,
        0.37553000000000003
      ],
      "ber_ci95_lo": [
        0.3737975,
        0.33109,
        0.28279,
        0.397915,
        0.38897499999999996,
        0.38063250000000004,
        0.3759275,
        0.3725825,
        0.3709075,
        0.37054,
        0.3704525
      ],
      "ber_ci95_hi": [
        0.38753,
        0.34171999999999997,
        0.29081,
        0.41162,
        0.39996000000000004,
        0.3920475,
        0.3874475,
        0.3831075,
        0.3814075,
        0.380785,
        0.3805525
      ]
    },
    "Transformer 4-cls": {
      "params": 17748,
      "ber_mean": [
        0.38372999999999996,
        0.34209,
        0.29416999999999993,
        0.24262999999999998,
        0.18884,
        0.13761,
        0.09169000000000001,
        0.05664,
        0.03314,
        0.01807,
        0.0081
      ],
      "ber_ci95_lo": [
        0.376095,
        0.33787,
        0.2891575,
        0.23679,
        0.18291249999999998,
        0.13246249999999998,
        0.0875375,
        0.05308,
        0.030447500000000002,
        0.0160675,
        0.00699
      ],
      "ber_ci95_hi": [
        0.391695,
        0.347555,
        0.2972325,
        0.246975,
        0.1919875,
        0.14098750000000002,
        0.0962075,
        0.0625675,
        0.03705,
        0.0202425,
        0.009720000000000001
      ]
    },
    "Transformer 16-cls": {
      "params": 17984,