{
  "created": "2026-03-23T18:39:56.254928",
  "snr_range": [
    0.0,
    1.0,
    2.0,
    3.0,
    4.0,
    5.0,
    6.0,
    7.0,
    8.0,
    9.0,
    10.0,
    11.0,
    12.0,
    13.0,
    14.0,
    15.0,
    16.0,
    17.0,
    18.0,
    19.0,
    20.0
  ],
  "results": {
    "E2E": {
      "ber_mean": [
        0.40000001589457196,
        0.3783333400885264,
        0.3565000096956889,
        0.33683334787686664,
        0.3198333481947581,
        0.29308334986368817,
        0.27808334430058795,
        0.25600001215934753,
        0.23591667910416922,
        0.20591667791207632,
        0.18316667775313059,
        0.15675000846385956,
        0.14208334187666574,
        0.12833333760499954,
        0.10608333845933278,
        0.0841666708389918,
        0.07300000389417012,
        0.06408333654205005,
        0.05758333702882131,
        0.046083336075146995,
        0.04200000191728274
      ],
      "ber_trials": [
        [
          0.40425002574920654,
          0.40025001764297485,
          0.3955000042915344
        ],
        [
          0.37700000405311584,
          0.3815000057220459,
          0.3765000104904175
        ],
        [
          0.35850000381469727,
          0.3617500066757202,
          0.34925001859664917
        ],
        [
          0.33500000834465027,
          0.3397500216960907,
          0.335750013589859
        ],
        [
          0.3192500174045563,
          0.32100000977516174,
          0.3192500174045563
        ],
        [
          0.2875000238418579,
          0.2977500259876251,
          0.2939999997615814
        ],
        [
          0.28675001859664917,
          0.28200000524520874,
          0.265500009059906
        ],
        [
          0.257500022649765,
          0.25725001096725464,
          0.25325000286102295
        ],
        [
          0.22975000739097595,
          0.24175001680850983,
          0.23625001311302185
        ],
        [
          0.2095000147819519,
          0.21400001645088196,
          0.19425000250339508
        ],
        [
          0.17475001513957977,
          0.179500013589859,
          0.195250004529953
        ],
        [
          0.15200001001358032,
          0.14775000512599945,
          0.1705000102519989
        ],
        [
          0.1432500034570694,
          0.14025001227855682,
          0.14275000989437103
        ],
        [
          0.12175000458955765,
          0.12250000238418579,
          0.1407500058412552
        ],
        [
          0.10075000673532486,
          0.10225000232458115,
          0.11525000631809235
        ],
        [
          0.07925000041723251,
          0.08300000429153442,
          0.09025000780820847
        ],
        [
          0.07700000703334808,
          0.07349999994039536,
          0.06850000470876694
        ],
        [
          0.06575000286102295,
          0.07150000333786011,
          0.055000003427267075
        ],
        [
          0.05700000375509262,
          0.05650000274181366,
          0.05925000458955765
        ],
        [
          0.04400000348687172,
          0.04675000160932541,
          0.04750000312924385
        ],
        [
          0.042500000447034836,
          0.042250003665685654,
          0.04125000163912773
        ]
      ]
    }
  },
  "meta": {
    "experiment": "7.16",
    "M": 16,
    "epochs": 500,
    "metrics": {
      "d_min": 0.6685895919799805,
      "d_mean": 1.949830174446106,
      "papr": 2.9670965671539307,
      "centroid": [
        -0.010968148708343506,
        -0.015713229775428772
      ]
    }
  }
}