{
  "created": "2026-03-23T18:39:56.255925",
  "snr_range": [
    0.0,
    2.0,
    4.0,
    6.0,
    8.0,
    10.0,
    12.0,
    14.0,
    16.0,
    18.0,
    20.0
  ],
  "results": {
    "AF": {
      "ber_mean": [
        0.449,
        0.4195,
        0.3893333333333333,
        0.3431666666666667,
        0.2913333333333334,
        0.23783333333333334,
        0.18766666666666665,
        0.138,
        0.102,
        0.07033333333333334,
        0.04650000000000001
      ],
      "ber_trials": [
        [
          0.44,
          0.4365,
          0.4705
        ],
        [
          0.403,
          0.4085,
          0.447
        ],
        [
          0.3645,
          0.3845,
          0.419
        ],
        [
          0.3225,
          0.334,
          0.373
        ],
        [
          0.265,
          0.273,
          0.336
        ],
        [
          0.2165,
          0.2225,
          0.2745
        ],
        [
          0.173,
          0.171,
          0.219
        ],
        [
          0.128,
          0.131,
          0.155
        ],
        [
          0.091,
          0.097,
          0.118
        ],
        [
          0.0675,
          0.064,
          0.0795
        ],
        [
          0.0475,
          0.044,
          0.048
        ]
      ],
      "ci_lower": [
        0.40254263971353604,
        0.35994542113953065,
        0.32084662823717053,
        0.27741518124802517,
        0.1947283721847541,
        0.15860011344480973,
        0.1202126831961563,
        0.10123811896221992,
        0.06678126955214068,
        0.05013936650419609,
        0.04108594737632097
      ],
      "ci_upper": [
        0.495457360286464,
        0.4790545788604693,
        0.4578200384294961,
        0.4089181520853082,
        0.38793829448191264,
        0.31706655322185695,
        0.255120650137177,
        0.17476188103778012,
        0.13721873044785932,
        0.0905273001624706,
        0.05191405262367904
      ]
    },
    "DF": {
      "ber_mean": [
        0.413,
        0.3815,
        0.3471666666666667,
        0.3035,
        0.25433333333333336,
        0.20616666666666664,
        0.1575,
        0.11566666666666665,
        0.08166666666666667,
        0.056499999999999995,
        0.03933333333333333
      ],
      "ber_trials": [
        [
          0.409,
          0.4065,
          0.4235
        ],
        [
          0.3765,
          0.3785,
          0.3895
        ],
        [
          0.3365,
          0.3445,
          0.3605
        ],
        [
          0.2985,
          0.3065,
          0.3055
        ],
        [
          0.24,
          0.26,
          0.263
        ],
        [
          0.199,
          0.2115,
          0.208
        ],
        [
          0.1465,
          0.1645,
          0.1615
        ],
        [
          0.111,
          0.117,
          0.119
        ],
        [
          0.0805,
          0.083,
          0.0815
        ],
        [
          0.055,
          0.0595,
          0.055
        ],
        [
          0.0425,
          0.0375,
          0.038
        ]
      ],
      "ci_lower": [
        0.39019864676380567,
        0.3641110360177477,
        0.31681000239789264,
        0.29267189475264194,
        0.22327333258118193,
        0.19014766975336833,
        0.1335438434656676,
        0.10532437664158213,
        0.07854086192697877,
        0.050046020905375806,
        0.03249255148501392
      ],
      "ci_upper": [
        0.4358013532361943,
        0.3988889639822523,
        0.3775233309354407,
        0.31432810524735805,
        0.2853933340854848,
        0.22218566357996494,
        0.1814561565343324,
        0.12600895669175116,
        0.08479247140635456,
        0.06295397909462418,
        0.04617411518165274
      ]
    },
    "E2E": {
      "ber_mean": [
        0.421,
        0.39316666666666666,
        0.35283333333333333,
        0.31716666666666665,
        0.27133333333333337,
        0.227,
        0.18499999999999997,
        0.14616666666666667,
        0.113,
        0.08233333333333333,
        0.0605
      ],
      "ber_trials": [
        [
          0.4155,
          0.424,
          0.4235
        ],
        [
          0.3845,
          0.4015,
          0.3935
        ],
        [
          0.3425,
          0.3555,
          0.3605
        ],
        [
          0.306,
          0.323,
          0.3225
        ],
        [
          0.255,
          0.2765,
          0.2825
        ],
        [
          0.2195,
          0.2295,
          0.232
        ],
        [
          0.186,
          0.18,
          0.189
        ],
        [
          0.1495,
          0.1405,
          0.1485
        ],
        [
          0.115,
          0.1085,
          0.1155
        ],
        [
          0.082,
          0.0805,
          0.0845
        ],
        [
          0.0625,
          0.0565,
          0.0625
        ]
      ],
      "ci_lower": [
        0.40915141827521584,
        0.37203932248040716,
        0.32975178583846565,
        0.2931354962624364,
        0.23541341210930034,
        0.21056897348067893,
        0.17361625089920968,
        0.13391270632073998,
        0.10329913212094724,
        0.07731357181529229,
        0.05189469454050108
      ],
      "ci_upper": [
        0.43284858172478413,
        0.41429401085292616,
        0.375914880828201,
        0.3411978370708969,
        0.3072532545573664,
        0.24343102651932108,
        0.19638374910079026,
        0.15842062701259335,
        0.12270086787905277,
        0.08735309485137437,
        0.06910530545949892
      ]
    }
  },
  "meta": {
    "experiment": "7.16",
    "comparison": "AF vs DF vs E2E"
  }
}