{
  "created": "2026-03-23T18:06:11.152523",
  "snr_range": [
    0,
    2,
    4,
    6,
    8,
    10,
    12,
    14,
    16,
    18,
    20
  ],
  "results": {
    "AF": {
      "ber_mean": [
        0.449,
        0.4195,
        0.3893333333333333,
        0.3431666666666667,
        0.2913333333333334,
        0.23783333333333334,
        0.18766666666666665,
        0.138,
        0.102,
        0.07033333333333334,
        0.04650000000000001
      ],
      "ber_trials": [
        [
          0.44,
          0.4365,
          0.4705
        ],
        [
          0.403,
          0.4085,
          0.447
        ],
        [
          0.3645,
          0.3845,
          0.419
        ],
        [
          0.3225,
          0.334,
          0.373
        ],
        [
          0.265,
          0.273,
          0.336
        ],
        [
          0.2165,
          0.2225,
          0.2745
        ],
        [
          0.173,
          0.171,
          0.219
        ],
        [
          0.128,
          0.131,
          0.155
        ],
        [
          0.091,
          0.097,
          0.118
        ],
        [
          0.0675,
          0.064,
          0.0795
        ],
        [
          0.0475,
          0.044,
          0.048
        ]
      ],
      "ci_lower": [
        0.40254263971353604,
        0.35994542113953065,
        0.32084662823717053,
        0.27741518124802517,
        0.1947283721847541,
        0.15860011344480973,
        0.1202126831961563,
        0.10123811896221992,
        0.06678126955214068,
        0.05013936650419609,
        0.04108594737632097
      ],
      "ci_upper": [
        0.495457360286464,
        0.4790545788604693,
        0.4578200384294961,
        0.4089181520853082,
        0.38793829448191264,
        0.31706655322185695,
        0.255120650137177,
        0.17476188103778012,
        0.13721873044785932,
        0.0905273001624706,
        0.05191405262367904
      ]
    },
    "DF": {
      "ber_mean": [
        0.413,
        0.3815,
        0.3471666666666667,
        0.3035,
        0.25433333333333336,
        0.20616666666666664,
        0.1575,
        0.11566666666666665,
        0.08166666666666667,
        0.056499999999999995,
        0.03933333333333333
      ],
      "ber_trials": [
        [
          0.409,
          0.4065,
          0.4235
        ],
        [
          0.3765,
          0.3785,
          0.3895
        ],
        [
          0.3365,
          0.3445,
          0.3605
        ],
        [
          0.2985,
          0.3065,
          0.3055
        ],
        [
          0.24,
          0.26,
          0.263
        ],
        [
          0.199,
          0.2115,
          0.208
        ],
        [
          0.1465,
          0.1645,
          0.1615
        ],
        [
          0.111,
          0.117,
          0.119
        ],
        [
          0.0805,
          0.083,
          0.0815
        ],
        [
          0.055,
          0.0595,
          0.055
        ],
        [
          0.0425,
          0.0375,
          0.038
        ]
      ],
      "ci_lower": [
        0.39019864676380567,
        0.3641110360177477,
        0.31681000239789264,
        0.29267189475264194,
        0.22327333258118193,
        0.19014766975336833,
        0.1335438434656676,
        0.10532437664158213,
        0.07854086192697877,
        0.050046020905375806,
        0.03249255148501392
      ],
      "ci_upper": [
        0.4358013532361943,
        0.3988889639822523,
        0.3775233309354407,
        0.31432810524735805,
        0.2853933340854848,
        0.22218566357996494,
        0.1814561565343324,
        0.12600895669175116,
        0.08479247140635456,
        0.06295397909462418,
        0.04617411518165274
      ]
    },
    "GenAI (169p)": {
      "ber_mean": [
        0.425,
        0.3941666666666667,
        0.36633333333333334,
        0.3328333333333333,
        0.29816666666666664,
        0.2663333333333333,
        0.24549999999999997,
        0.23283333333333334,
        0.2215,
        0.21883333333333332,
        0.21916666666666665
      ],
      "ber_trials": [
        [
          0.4155,
          0.419,
          0.4405
        ],
        [
          0.381,
          0.397,
          0.4045
        ],
        [
          0.353,
          0.369,
          0.377
        ],
        [
          0.3245,
          0.327,
          0.347
        ],
        [
          0.283,
          0.296,
          0.3155
        ],
        [
          0.2525,
          0.266,
          0.2805
        ],
        [
          0.2355,
          0.246,
          0.255
        ],
        [
          0.227,
          0.229,
          0.2425
        ],
        [
          0.221,
          0.216,
          0.2275
        ],
        [
          0.2235,
          0.2095,
          0.2235
        ],
        [
          0.23,
          0.208,
          0.2195
        ]
      ],
      "ci_lower": [
        0.3913722616531413,
        0.36434838989503504,
        0.33597666906455925,
        0.30219843246851663,
        0.2575312050507241,
        0.23154801288751134,
        0.2212557831373737,
        0.21188933664810164,
        0.2071757631727285,
        0.19875428726116914,
        0.1918317438444232
      ],
      "ci_upper": [
        0.45862773834685866,
        0.4239849434382984,
        0.39668999760210744,
        0.36346823419815,
        0.3388021282826092,
        0.30111865377915525,
        0.26974421686262623,
        0.253777330018565,
        0.2358242368272715,
        0.2389123794054975,
        0.2465015894889101
      ]
    },
    "Hybrid": {
      "ber_mean": [
        0.42166666666666663,
        0.39166666666666666,
        0.3615,
        0.35200000000000004,
        0.32116666666666666,
        0.29683333333333334,
        0.296,
        0.2806666666666667,
        0.27133333333333337,
        0.265,
        0.2618333333333333
      ],
      "ber_trials": [
        [
          0.412,
          0.423,
          0.43
        ],
        [
          0.383,
          0.394,
          0.398
        ],
        [
          0.3515,
          0.364,
          0.369
        ],
        [
          0.3585,
          0.359,
          0.3385
        ],
        [
          0.3295,
          0.3305,
          0.3035
        ],
        [
          0.307,
          0.3155,
          0.268
        ],
        [
          0.2915,
          0.2945,
          0.302
        ],
        [
          0.2785,
          0.2765,
          0.287
        ],
        [
          0.269,
          0.267,
          0.278
        ],
        [
          0.264,
          0.258,
          0.273
        ],
        [
          0.2645,
          0.254,
          0.267
        ]
      ],
      "ci_lower": [
        0.3991261681346005,
        0.37237124258961174,
        0.339108285262426,
        0.3229504549368486,
        0.2831396107714625,
        0.23391137878110763,
        0.2825649711574556,
        0.26681699554012406,
        0.2567776146678416,
        0.24624517156187267,
        0.24469758406071895
      ],
      "ci_upper": [
        0.44420716519873277,
        0.4109620907437216,
        0.383891714737574,
        0.3810495450631515,
        0.3591937225618708,
        0.35975528788555905,
        0.30943502884254437,
        0.2945163377932093,
        0.28588905199882514,
        0.2837548284381274,
        0.27896908260594766
      ]
    },
    "VAE": {
      "ber_mean": [
        0.45283333333333337,
        0.43533333333333335,
        0.41333333333333333,
        0.3828333333333333,
        0.3511666666666666,
        0.32466666666666666,
        0.29683333333333334,
        0.2776666666666667,
        0.258,
        0.24716666666666667,
        0.23916666666666667
      ],