{
  "created": "2026-03-23T18:06:03.196571",
  "snr_range": [
    0,
    2,
    4,
    6,
    8,
    10,
    12,
    14,
    16,
    18,
    20
  ],
  "results": {
    "AF": {
      "ber_mean": [
        0.4036666666666667,
        0.35883333333333334,
        0.311,
        0.24883333333333335,
        0.18733333333333335,
        0.13083333333333333,
        0.08666666666666667,
        0.055333333333333325,
        0.035,
        0.020833333333333332,
        0.013
      ],
      "ber_trials": [
        [
          0.391,
          0.431,
          0.389
        ],
        [
          0.3475,
          0.3885,
          0.3405
        ],
        [
          0.296,
          0.3455,
          0.2915
        ],
        [
          0.2305,
          0.28,
          0.236
        ],
        [
          0.178,
          0.205,
          0.179
        ],
        [
          0.124,
          0.142,
          0.1265
        ],
        [
          0.0855,
          0.0905,
          0.084
        ],
        [
          0.053,
          0.0605,
          0.0525
        ],
        [
          0.033,
          0.036,
          0.036
        ],
        [
          0.0155,
          0.0215,
          0.0255
        ],
        [
          0.0065,
          0.014,
          0.0185
        ]
      ],
      "ci_lower": [
        0.34481129804192345,
        0.29442115455533535,
        0.23656908210654976,
        0.18143655143073645,
        0.14930627743812924,
        0.10661033679587827,
        0.07821207874175533,
        0.04420081122767154,
        0.030697347270250547,
        0.008330114374581785,
        0.0
      ],
      "ci_upper": [
        0.4625220352914099,
        0.4232455121113313,
        0.38543091789345024,
        0.31623011523593025,
        0.22536038922853746,
        0.15505632987078838,
        0.09512125459157801,
        0.06646585543899511,
        0.03930265272974946,
        0.033336552292084876,
        0.028059284554123116
      ]
    },
    "DF": {
      "ber_mean": [
        0.33016666666666666,
        0.2753333333333333,
        0.2145,
        0.16616666666666666,
        0.12416666666666666,
        0.08616666666666666,
        0.058166666666666665,
        0.03716666666666666,
        0.024333333333333332,
        0.017,
        0.011833333333333335
      ],
      "ber_trials": [
        [
          0.315,
          0.348,
          0.3275
        ],
        [
          0.2605,
          0.282,
          0.2835
        ],
        [
          0.1995,
          0.215,
          0.229
        ],
        [
          0.1575,
          0.1625,
          0.1785
        ],
        [
          0.1235,
          0.1165,
          0.1325
        ],
        [
          0.0885,
          0.081,
          0.089
        ],
        [
          0.06,
          0.0565,
          0.058
        ],
        [
          0.0355,
          0.0355,
          0.0405
        ],
        [
          0.0225,
          0.023,
          0.0275
        ],
        [
          0.012,
          0.0175,
          0.0215
        ],
        [
          0.0065,
          0.0115,
          0.0175
        ]
      ],
      "ci_lower": [
        0.28877886481092496,
        0.24336765105835537,
        0.17784318314116432,
        0.13891653271158674,
        0.10424187931530075,
        0.07503414456100488,
        0.05380466419909911,
        0.029995578783750886,
        0.017492551485013927,
        0.005151418275215862,
        0.0
      ],
      "ci_upper": [
        0.37155446852240837,
        0.30729901560831124,
        0.2511568168588357,
        0.19341680062174657,
        0.14409145401803256,
        0.09729918877232843,
        0.06252866913423422,
        0.044337754549582435,
        0.031174115181652737,
        0.02884858172478414,
        0.025514897029972144
      ]
    },
    "GenAI (169p)": {
      "ber_mean": [
        0.327,
        0.2783333333333333,
        0.22616666666666665,
        0.17433333333333334,
        0.12583333333333332,
        0.09100000000000001,
        0.06183333333333333,
        0.04066666666666666,
        0.02716666666666667,
        0.017,
        0.012333333333333335
      ],
      "ber_trials": [
        [
          0.3125,
          0.345,
          0.3235
        ],
        [
          0.263,
          0.287,
          0.285
        ],
        [
          0.2085,
          0.2305,
          0.2395
        ],
        [
          0.1635,
          0.1705,
          0.189
        ],
        [
          0.121,
          0.1175,
          0.139
        ],
        [
          0.089,
          0.092,
          0.092
        ],
        [
          0.0615,
          0.063,
          0.061
        ],
        [
          0.037,
          0.0415,
          0.0435
        ],
        [
          0.023,
          0.028,
          0.0305
        ],
        [
          0.012,
          0.0185,
          0.0205
        ],
        [
          0.006,
          0.014,
          0.017
        ]
      ],
      "ci_lower": [
        0.285936519853897,
        0.24525292538068882,
        0.18655005672240485,
        0.14160456365477128,
        0.09717588599849053,
        0.08669734727025055,
        0.05924776082706219,
        0.032396564678505525,
        0.017680209082674772,
        0.005960250529288799,
        0.0
      ],
      "ci_upper": [
        0.368063480146103,
        0.3114137412859778,
        0.26578327661092843,
        0.2070621030118954,
        0.15449078066817612,
        0.09530265272974947,
        0.06441890583960447,
        0.0489367686548278,
        0.036653124250658566,
        0.028039749470711202,
        0.026458738301937436
      ]
    },
    "Hybrid": {
      "ber_mean": [
        0.324,
        0.2743333333333334,
        0.22616666666666665,
        0.17299999999999996,
        0.12733333333333333,
        0.08783333333333332,
        0.058166666666666665,
        0.03716666666666666,
        0.024333333333333332,
        0.017,
        0.011833333333333335
      ],
      "ber_trials": [
        [
          0.3075,
          0.338,
          0.3265
        ],
        [
          0.2605,
          0.281,
          0.2815
        ],
        [
          0.2125,
          0.229,
          0.237
        ],
        [
          0.1645,
          0.1735,
          0.181
        ],
        [
          0.1245,
          0.125,
          0.1325
        ],
        [
          0.0885,
          0.086,
          0.089
        ],
        [
          0.06,
          0.0565,
          0.058
        ],
        [
          0.0355,
          0.0355,
          0.0405
        ],
        [
          0.0225,
          0.023,
          0.0275
        ],
        [
          0.012,
          0.0175,
          0.0215
        ],
        [
          0.0065,
          0.0115,
          0.0175
        ]
      ],
      "ci_lower": [
        0.2857370210836172,
        0.24456683942585145,
        0.19513151060646758,
        0.15247765445504174,
        0.11620081122767154,
        0.08384064057761126,
        0.05380466419909911,
        0.029995578783750886,
        0.017492551485013927,
        0.005151418275215862,
        0.0
      ],
      "ci_upper": [
        0.3622629789163828,
        0.3040998272408153,
        0.2572018227268657,
        0.19352234554495817,
        0.13846585543899512,
        0.09182602608905538,
        0.06252866913423422,
        0.044337754549582435,
        0.031174115181652737,
        0.02884858172478414,
        0.025514897029972144
      ]
    },
    "VAE": {
      "ber_mean": [
        0.39283333333333337,
        0.35366666666666663,
        0.3121666666666667,
        0.266,
        0.21633333333333335,
        0.17450000000000002,
        0.13533333333333333,
        0.1035,
        0.07600000000000001,
        0.05683333333333334,
        0.0425
      ],