{
  "created": "2026-03-23T18:19:07.396339",
  "snr_range": [
    0,
    2,
    4,
    6,
    8,
    10,
    12,
    14,
    16,
    18,
    20
  ],
  "results": {
    "AF": {
      "ber_mean": [
        0.449,
        0.4195,
        0.3893333333333333,
        0.3431666666666667,
        0.2913333333333334,
        0.23783333333333334,
        0.18766666666666665,
        0.138,
        0.102,
        0.07033333333333334,
        0.04650000000000001
      ]
    },
    "DF": {
      "ber_mean": [
        0.413,
        0.3815,
        0.3471666666666667,
        0.3035,
        0.25433333333333336,
        0.20616666666666664,
        0.1575,
        0.11566666666666665,
        0.08166666666666667,
        0.056499999999999995,
        0.03933333333333333
      ]
    },
    "Transformer Baseline": {
      "ber_mean": [
        0.4555,
        0.422,
        0.38166666666666665,
        0.3325,
        0.28200000000000003,
        0.23183333333333334,
        0.18783333333333332,
        0.151,
        0.11716666666666666,
        0.09500000000000001,
        0.076
      ]
    },
    "Mamba S6 Baseline": {
      "ber_mean": [
        0.4495,
        0.41700000000000004,
        0.37999999999999995,
        0.3356666666666666,
        0.2848333333333333,
        0.23666666666666666,
        0.19433333333333333,
        0.15483333333333335,
        0.12483333333333334,
        0.10233333333333335,
        0.08283333333333333
      ]
    },
    "Mamba2 (SSD) Baseline": {
      "ber_mean": [
        0.45366666666666666,
        0.42133333333333334,
        0.38466666666666666,
        0.3363333333333333,
        0.28099999999999997,
        0.23116666666666666,
        0.18983333333333333,
        0.15583333333333335,
        0.12766666666666668,
        0.10466666666666667,
        0.08516666666666667
      ]
    },
    "Transformer +InputLN": {
      "ber_mean": [
        0.4491666666666667,
        0.419,
        0.3845,
        0.3421666666666667,
        0.29233333333333333,
        0.23550000000000001,
        0.19116666666666668,
        0.14716666666666667,
        0.11283333333333333,
        0.08949999999999998,
        0.06883333333333334
      ]
    },
    "Mamba S6 +InputLN": {
      "ber_mean": [
        0.45116666666666666,
        0.422,
        0.38833333333333336,
        0.3426666666666667,
        0.2933333333333334,
        0.238,
        0.19266666666666665,
        0.15433333333333332,
        0.11783333333333333,
        0.09900000000000002,
        0.07833333333333332
      ]
    },
    "Mamba2 (SSD) +InputLN": {
      "ber_mean": [
        0.453,
        0.42183333333333334,
        0.38599999999999995,
        0.3416666666666666,
        0.2916666666666667,
        0.23900000000000002,
        0.19616666666666668,
        0.16283333333333336,
        0.13183333333333333,
        0.11666666666666665,
        0.10433333333333333
      ]
    },
    "Transformer +LN+Scaled": {
      "ber_mean": [
        0.44966666666666666,
        0.42016666666666663,
        0.38766666666666666,
        0.3426666666666667,
        0.2921666666666667,
        0.23816666666666667,
        0.19016666666666668,
        0.15116666666666667,
        0.11633333333333333,
        0.09716666666666667,
        0.08133333333333333
      ]
    },
    "Mamba S6 +LN+Scaled": {
      "ber_mean": [
        0.45083333333333336,
        0.42016666666666663,
        0.3865,
        0.3423333333333334,
        0.2906666666666667,
        0.23716666666666666,
        0.19033333333333333,
        0.15633333333333332,
        0.1195,
        0.10116666666666667,
        0.08566666666666667
      ]
    },
    "Mamba2 (SSD) +LN+Scaled": {
      "ber_mean": [
        0.45183333333333336,
        0.4206666666666667,
        0.38366666666666666,
        0.336,
        0.28250000000000003,
        0.2313333333333333,
        0.1865,
        0.1525,
        0.1195,
        0.09583333333333333,
        0.07350000000000001
      ]
    }
  },
  "meta": {
    "experiment": "7.12",
    "modulation": "qam16",
    "channel": "rayleigh"
  }
}