{
  "created": "2026-03-23T18:13:33.101891",
  "snr_range": [
    0,
    2,
    4,
    6,
    8,
    10,
    12,
    14,
    16,
    18,
    20
  ],
  "results": {
    "AF": {
      "ber_mean": [
        0.27716666666666673,
        0.21516666666666664,
        0.14266666666666666,
        0.08683333333333332,
        0.04016666666666666,
        0.013166666666666667,
        0.0028333333333333335,
        0.00016666666666666666,
        0.0,
        0.0,
        0.0
      ]
    },
    "DF": {
      "ber_mean": [
        0.2595,
        0.18166666666666664,
        0.109,
        0.04516666666666666,
        0.010833333333333334,
        0.0018333333333333333,
        0.0,
        0.0,
        0.0,
        0.0,
        0.0
      ]
    },
    "Transformer Baseline": {
      "ber_mean": [
        0.2628333333333333,
        0.18183333333333332,
        0.1115,
        0.05316666666666667,
        0.017666666666666667,
        0.0045,
        0.00016666666666666666,
        0.0,
        0.0,
        0.0,
        0.0
      ]
    },
    "Mamba S6 Baseline": {
      "ber_mean": [
        0.25583333333333336,
        0.18083333333333332,
        0.10633333333333334,
        0.04416666666666667,
        0.013166666666666667,
        0.002166666666666667,
        0.0,
        0.0,
        0.0,
        0.0,
        0.0
      ]
    },
    "Mamba2 (SSD) Baseline": {
      "ber_mean": [
        0.2565,
        0.17800000000000002,
        0.10516666666666667,
        0.045500000000000006,
        0.011499999999999998,
        0.0018333333333333333,
        0.0,
        0.0,
        0.0,
        0.0,
        0.0
      ]
    },
    "Transformer +InputLN": {
      "ber_mean": [
        0.25866666666666666,
        0.17983333333333332,
        0.10583333333333333,
        0.04549999999999999,
        0.012666666666666666,
        0.0025,
        0.0,
        0.0,
        0.0,
        0.0,
        0.0
      ]
    },
    "Mamba S6 +InputLN": {
      "ber_mean": [
        0.25616666666666665,
        0.17800000000000002,
        0.10933333333333334,
        0.04650000000000001,
        0.014666666666666668,
        0.0023333333333333335,
        0.00016666666666666666,
        0.0,
        0.0,
        0.0,
        0.0
      ]
    },
    "Mamba2 (SSD) +InputLN": {
      "ber_mean": [
        0.25516666666666665,
        0.17899999999999996,
        0.10933333333333334,
        0.04716666666666666,
        0.013666666666666667,
        0.002333333333333333,
        0.00016666666666666666,
        0.0,
        0.0,
        0.0,
        0.0
      ]
    },
    "Transformer +LN+Scaled": {
      "ber_mean": [
        0.27233333333333337,
        0.20133333333333336,
        0.129,
        0.0695,
        0.02766666666666667,
        0.008666666666666668,
        0.0015000000000000002,
        0.0,
        0.0,
        0.0,
        0.0
      ]
    },
    "Mamba S6 +LN+Scaled": {
      "ber_mean": [
        0.25933333333333336,
        0.17983333333333332,
        0.10766666666666667,
        0.044333333333333336,
        0.013,
        0.002166666666666667,
        0.0,
        0.0,
        0.0,
        0.0,
        0.0
      ]
    },
    "Mamba2 (SSD) +LN+Scaled": {
      "ber_mean": [
        0.2571666666666667,
        0.17916666666666667,
        0.10566666666666667,
        0.04666666666666666,
        0.012499999999999999,
        0.0025,
        0.0,
        0.0,
        0.0,
        0.0,
        0.0
      ]
    }
  },
  "meta": {
    "experiment": "7.12",
    "modulation": "qpsk",
    "channel": "awgn"
  }
}