{
  "created": "2026-03-23T18:17:19.404064",
  "snr_range": [
    0,
    2,
    4,
    6,
    8,
    10,
    12,
    14,
    16,
    18,
    20
  ],
  "results": {
    "AF": {
      "ber_mean": [
        0.36999999999999994,
        0.32833333333333337,
        0.2743333333333333,
        0.21333333333333335,
        0.16749999999999998,
        0.11983333333333333,
        0.07583333333333332,
        0.04,
        0.016333333333333335,
        0.0045,
        0.0008333333333333334
      ]
    },
    "DF": {
      "ber_mean": [
        0.3755,
        0.3276666666666667,
        0.276,
        0.21983333333333333,
        0.164,
        0.1065,
        0.05216666666666667,
        0.016,
        0.0029999999999999996,
        0.0,
        0.0
      ]
    },
    "Transformer Baseline": {
      "ber_mean": [
        0.37400000000000005,
        0.333,
        0.2828333333333333,
        0.22616666666666665,
        0.18383333333333332,
        0.1455,
        0.11183333333333334,
        0.0855,
        0.06733333333333334,
        0.04699999999999999,
        0.03283333333333333
      ]
    },
    "Mamba S6 Baseline": {
      "ber_mean": [
        0.3741666666666667,
        0.33233333333333337,
        0.2816666666666667,
        0.22883333333333333,
        0.18633333333333332,
        0.14916666666666667,
        0.118,
        0.09716666666666667,
        0.0825,
        0.07050000000000001,
        0.06016666666666667
      ]
    },
    "Mamba2 (SSD) Baseline": {
      "ber_mean": [
        0.37483333333333335,
        0.33066666666666666,
        0.283,
        0.23,
        0.18200000000000002,
        0.14083333333333334,
        0.109,
        0.085,
        0.06283333333333334,
        0.047999999999999994,
        0.03333333333333333
      ]
    },
    "Transformer +InputLN": {
      "ber_mean": [
        0.3788333333333333,
        0.33816666666666667,
        0.2851666666666666,
        0.229,
        0.18466666666666667,
        0.14283333333333334,
        0.10583333333333333,
        0.07933333333333333,
        0.06166666666666667,
        0.043333333333333335,
        0.028833333333333332
      ]
    },
    "Mamba S6 +InputLN": {
      "ber_mean": [
        0.3786666666666667,
        0.3353333333333333,
        0.2816666666666667,
        0.23183333333333334,
        0.18866666666666668,
        0.14933333333333332,
        0.11966666666666666,
        0.09733333333333333,
        0.082,
        0.07200000000000001,
        0.061
      ]
    },
    "Mamba2 (SSD) +InputLN": {
      "ber_mean": [
        0.3735,
        0.33233333333333337,
        0.2775,
        0.22566666666666668,
        0.18233333333333332,
        0.14183333333333334,
        0.11166666666666665,
        0.08583333333333333,
        0.06533333333333334,
        0.04433333333333333,
        0.027999999999999997
      ]
    },
    "Transformer +LN+Scaled": {
      "ber_mean": [
        0.3788333333333333,
        0.33549999999999996,
        0.2825,
        0.22783333333333333,
        0.18483333333333332,
        0.1455,
        0.113,
        0.08849999999999998,
        0.06766666666666667,
        0.05499999999999999,
        0.03833333333333333
      ]
    },
    "Mamba S6 +LN+Scaled": {
      "ber_mean": [
        0.379,
        0.33749999999999997,
        0.2806666666666667,
        0.231,
        0.18483333333333332,
        0.14716666666666667,
        0.11383333333333334,
        0.09483333333333333,
        0.08,
        0.06616666666666667,
        0.0535
      ]
    },
    "Mamba2 (SSD) +LN+Scaled": {
      "ber_mean": [
        0.37566666666666665,
        0.33216666666666667,
        0.278,
        0.22466666666666668,
        0.18000000000000002,
        0.14033333333333334,
        0.10416666666666667,
        0.07466666666666667,
        0.049833333333333334,
        0.03183333333333333,
        0.017
      ]
    }
  },
  "meta": {
    "experiment": "7.12",
    "modulation": "qam16",
    "channel": "awgn"
  }
}