{
  "created": "2026-03-23T16:30:55.319023",
  "snr_range": [
    0,
    2,
    4,
    6,
    8,
    10,
    12,
    14,
    16,
    18,
    20
  ],
  "results": {
    "AF": {
      "ber_mean": [
        0.29116666666666663,
        0.22783333333333333,
        0.154,
        0.09383333333333332,
        0.044333333333333336,
        0.013333333333333334,
        0.0026666666666666666,
        0.0003333333333333333,
        0.0,
        0.0,
        0.0
      ],
      "ber_trials": [
        [
          0.2915,
          0.2955,
          0.2865
        ],
        [
          0.225,
          0.235,
          0.2235
        ],
        [
          0.1505,
          0.165,
          0.1465
        ],
        [
          0.0945,
          0.0965,
          0.0905
        ],
        [
          0.044,
          0.044,
          0.045
        ],
        [
          0.014,
          0.012,
          0.014
        ],
        [
          0.001,
          0.0025,
          0.0045
        ],
        [
          0.0,
          0.0005,
          0.0005
        ],
        [
          0.0,
          0.0,
          0.0
        ],
        [
          0.0,
          0.0,
          0.0
        ],
        [
          0.0,
          0.0,
          0.0
        ]
      ],
      "ci_lower": [
        0.2799650693039784,
        0.21230333295725765,
        0.12981949998042674,
        0.0862441672661398,
        0.04289911575675018,
        0.010464898180167026,
        0.0,
        0.0,
        0.0,
        0.0,
        0.0
      ],
      "ci_upper": [
        0.30236826402935485,
        0.24336333370940902,
        0.17818050001957325,
        0.10142249940052685,
        0.04576755090991649,
        0.01620176848649964,
        0.007028669134234229,
        0.0010504421216249104,
        0.0,
        0.0,
        0.0
      ]
    },
    "DF": {
      "ber_mean": [
        0.2675,
        0.1905,
        0.11216666666666668,
        0.04416666666666667,
        0.010333333333333333,
        0.0011666666666666668,
        0.00016666666666666666,
        0.0,
        0.0,
        0.0,
        0.0
      ],
      "ber_trials": [
        [
          0.27,
          0.269,
          0.2635
        ],
        [
          0.1905,
          0.189,
          0.192
        ],
        [
          0.11,
          0.1085,
          0.118
        ],
        [
          0.0415,
          0.048,
          0.043
        ],
        [
          0.011,
          0.01,
          0.01
        ],
        [
          0.0005,
          0.0005,
          0.0025
        ],
        [
          0.0,
          0.0,
          0.0005
        ],
        [
          0.0,
          0.0,
          0.0
        ],
        [
          0.0,
          0.0,
          0.0
        ],
        [
          0.0,
          0.0,
          0.0
        ],
        [
          0.0,
          0.0,
          0.0
        ]
      ],
      "ci_lower": [
        0.25880551800887386,
        0.1867737934323745,
        0.09947971709402752,
        0.03571207874175531,
        0.00889911575675018,
        0.0,
        0.0,
        0.0,
        0.0,
        0.0,
        0.0
      ],
      "ci_upper": [
        0.2761944819911262,
        0.19422620656762551,
        0.12485361623930584,
        0.05262125459157802,
        0.011767550909916486,
        0.004035101819832975,
        0.0008837754549582437,
        0.0,
        0.0,
        0.0,
        0.0
      ]
    },
    "GenAI (169p)": {
      "ber_mean": [
        0.26383333333333336,
        0.18800000000000003,
        0.11166666666666665,
        0.04916666666666667,
        0.014833333333333332,
        0.0026666666666666666,
        0.00016666666666666666,
        0.0,
        0.0,
        0.0,
        0.0
      ],
      "ber_trials": [
        [
          0.2625,
          0.265,
          0.264
        ],
        [
          0.1875,
          0.1875,
          0.189
        ],
        [
          0.107,
          0.11,
          0.118
        ],
        [
          0.0515,
          0.049,
          0.047
        ],
        [
          0.013,
          0.015,
          0.0165
        ],
        [
          0.0025,
          0.0025,
          0.003
        ],
        [
          0.0,
          0.0,
          0.0005
        ],
        [
          0.0,
          0.0,
          0.0
        ],
        [
          0.0,
          0.0,
          0.0
        ],
        [
          0.0,
          0.0,
          0.0
        ],
        [
          0.0,
          0.0,
          0.0
        ]
      ],
      "ci_lower": [
        0.2607075285936455,
        0.1858486736351253,
        0.09754126169806256,
        0.043565867985322575,
        0.010471330865765766,
        0.0019495578783750894,
        0.0,
        0.0,
        0.0,
        0.0,
        0.0
      ],
      "ci_upper": [
        0.26695913807302124,
        0.19015132636487475,
        0.12579207163527073,
        0.05476746534801077,
        0.0191953358009009,
        0.0033837754549582437,
        0.0008837754549582437,
        0.0,
        0.0,
        0.0,
        0.0
      ]
    },
    "Hybrid": {
      "ber_mean": [
        0.26183333333333336,
        0.18666666666666668,
        0.11349999999999999,
        0.04416666666666667,
        0.010333333333333333,
        0.0011666666666666668,
        0.00016666666666666666,
        0.0,
        0.0,
        0.0,
        0.0
      ],
      "ber_trials": [
        [
          0.2665,
          0.2605,
          0.2585
        ],
        [
          0.1845,
          0.1895,
          0.186
        ],
        [
          0.1075,
          0.1185,
          0.1145
        ],
        [
          0.0415,
          0.048,
          0.043
        ],
        [
          0.011,
          0.01,
          0.01
        ],
        [
          0.0005,
          0.0005,
          0.0025
        ],
        [
          0.0,
          0.0,
          0.0005
        ],
        [
          0.0,
          0.0,
          0.0
        ],
        [
          0.0,
          0.0,
          0.0
        ],
        [
          0.0,
          0.0,
          0.0
        ],
        [
          0.0,
          0.0,
          0.0
        ]
      ],
      "ci_lower": [
        0.25149104330824884,
        0.18029286433796554,
        0.09966890657615439,
        0.03571207874175531,
        0.00889911575675018,
        0.0,
        0.0,
        0.0,
        0.0,
        0.0,
        0.0
      ],
      "ci_upper": [
        0.2721756233584179,
        0.1930404689953678,
        0.1273310934238456,
        0.05262125459157802,
        0.011767550909916486,
        0.004035101819832975,
        0.0008837754549582437,
        0.0,
        0.0,
        0.0,
        0.0
      ]
    },
    "VAE": {
      "ber_mean": [
        0.37633333333333335,
        0.35283333333333333,
        0.32983333333333337,
        0.3085,
        0.2906666666666667,
        0.2775,
        0.26933333333333337,
        0.262,
        0.258,
        0.25266666666666665,
        0.24983333333333335
      ],
      "ber_trials": [
        [
          0.377,
          0.381,
          0.371
        ],
        [
          0.349,
          0.36,
          0.3495
        ],
        [
          0.325,
          0.342,
          0.3225
        ],
        [
          0.301,
          0.331,
          0.2935
        ],
        [
          0.29,
          0.3005,
          0.2815
        ],
        [
          0.2765,
          0.2875,
          0.2685
        ],
        [
          0.2635,
          0.2805,
          0.264
        ],
        [
          0.2575,
          0.274,
          0.2545
        ],
        [
          0.258,
          0.2655,
          0.2505
        ],
        [
          0.249,
          0.2605,
          0.2485
        ],
        [
          0.243,
          0.263,
          0.2435
        ]
      ],