{
  "created": "2026-03-23T16:31:06.137465",
  "snr_range": [
    0,
    2,
    4,
    6,
    8,
    10,
    12,
    14,
    16,
    18,
    20
  ],
  "results": {
    "AF": {
      "ber_mean": [
        0.19866666666666669,
        0.15766666666666665,
        0.11933333333333333,
        0.082,
        0.058166666666666665,
        0.04016666666666666,
        0.025500000000000005,
        0.015666666666666666,
        0.009,
        0.0055000000000000005,
        0.002
      ],
      "ber_trials": [
        [
          0.2005,
          0.1945,
          0.201
        ],
        [
          0.165,
          0.1535,
          0.1545
        ],
        [
          0.1215,
          0.1155,
          0.121
        ],
        [
          0.0815,
          0.0835,
          0.081
        ],
        [
          0.059,
          0.057,
          0.0585
        ],
        [
          0.04,
          0.0435,
          0.037
        ],
        [
          0.024,
          0.0275,
          0.025
        ],
        [
          0.012,
          0.0185,
          0.0165
        ],
        [
          0.0085,
          0.011,
          0.0075
        ],
        [
          0.006,
          0.006,
          0.0045
        ],
        [
          0.0035,
          0.001,
          0.0015
        ]
      ],
      "ci_lower": [
        0.18968131930351664,
        0.14184145507448495,
        0.11106323134517221,
        0.07871379469613579,
        0.05558109416039554,
        0.03208526104579125,
        0.021021657052485206,
        0.007396564678505527,
        0.0045216570524852,
        0.0033486736351252687,
        0.0
      ],
      "ci_upper": [
        0.20765201402981673,
        0.17349187825884835,
        0.12760343532149446,
        0.08528620530386422,
        0.06075223917293779,
        0.048248072287542076,
        0.029978342947514804,
        0.023936768654827804,
        0.013478342947514798,
        0.007651326364874733,
        0.005286205303864214
      ]
    },
    "DF": {
      "ber_mean": [
        0.16366666666666665,
        0.12283333333333334,
        0.08583333333333333,
        0.057333333333333326,
        0.04033333333333333,
        0.026833333333333334,
        0.018166666666666668,
        0.011333333333333334,
        0.006666666666666667,
        0.0036666666666666666,
        0.0018333333333333333
      ],
      "ber_trials": [
        [
          0.16,
          0.165,
          0.166
        ],
        [
          0.1255,
          0.1175,
          0.1255
        ],
        [
          0.0865,
          0.0875,
          0.0835
        ],
        [
          0.059,
          0.0565,
          0.0565
        ],
        [
          0.0415,
          0.039,
          0.0405
        ],
        [
          0.028,
          0.0265,
          0.026
        ],
        [
          0.0175,
          0.0205,
          0.0165
        ],
        [
          0.011,
          0.013,
          0.01
        ],
        [
          0.0075,
          0.008,
          0.0045
        ],
        [
          0.004,
          0.003,
          0.004
        ],
        [
          0.003,
          0.001,
          0.0015
        ]
      ],
      "ci_lower": [
        0.15568128115522253,
        0.11135959272066809,
        0.08066218832079108,
        0.053747789391875446,
        0.03720752859364544,
        0.0242477608270622,
        0.012995521654124405,
        0.007538750299736575,
        0.001964269872207952,
        0.0022324490900835128,
        0.0
      ],
      "ci_upper": [
        0.17165205217811078,
        0.13430707394599858,
        0.09100447834587558,
        0.06091887727479121,
        0.04345913807302122,
        0.029418905839604468,
        0.023337811679208932,
        0.015127916366930092,
        0.011369063461125383,
        0.00510088424324982,
        0.004418905839604465
      ]
    },
    "GenAI (169p)": {
      "ber_mean": [
        0.166,
        0.12583333333333332,
        0.08966666666666667,
        0.06383333333333334,
        0.044333333333333336,
        0.028333333333333332,
        0.01916666666666667,
        0.012333333333333335,
        0.007333333333333333,
        0.004,
        0.0018333333333333333
      ],
      "ber_trials": [
        [
          0.1675,
          0.1585,
          0.172
        ],
        [
          0.1295,
          0.118,
          0.13
        ],
        [
          0.0885,
          0.087,
          0.0935
        ],
        [
          0.0625,
          0.0625,
          0.0665
        ],
        [
          0.0455,
          0.045,
          0.0425
        ],
        [
          0.0305,
          0.0285,
          0.026
        ],
        [
          0.019,
          0.021,
          0.0175
        ],
        [
          0.011,
          0.0135,
          0.0125
        ],
        [
          0.0075,
          0.009,
          0.0055
        ],
        [
          0.0045,
          0.0035,
          0.004
        ],
        [
          0.003,
          0.001,
          0.0015
        ]
      ],
      "ci_lower": [
        0.1489243763488146,
        0.10896983746570572,
        0.0812120787417553,
        0.058096463027000715,
        0.04034064057761128,
        0.02273253465198923,
        0.014804664199099106,
        0.009207528593645447,
        0.002971330865765771,
        0.0027579311441248353,
        0.0
      ],
      "ci_upper": [
        0.1830756236511854,
        0.14269682920096094,
        0.09812125459157804,
        0.06957020363966596,
        0.04832602608905539,
        0.03393413201467744,
        0.02352866913423423,
        0.015459138073021223,
        0.011695335800900895,
        0.005242068855875165,
        0.004418905839604465
      ]
    },
    "Hybrid": {
      "ber_mean": [
        0.16366666666666665,
        0.12283333333333334,
        0.08583333333333333,
        0.057333333333333326,
        0.04033333333333333,
        0.026833333333333334,
        0.018166666666666668,
        0.011333333333333334,
        0.006666666666666667,
        0.0036666666666666666,
        0.0018333333333333333
      ],
      "ber_trials": [
        [
          0.16,
          0.165,
          0.166
        ],
        [
          0.1255,
          0.1175,
          0.1255
        ],
        [
          0.0865,
          0.0875,
          0.0835
        ],
        [
          0.059,
          0.0565,
          0.0565
        ],
        [
          0.0415,
          0.039,
          0.0405
        ],
        [
          0.028,
          0.0265,
          0.026
        ],
        [
          0.0175,
          0.0205,
          0.0165
        ],
        [
          0.011,
          0.013,
          0.01
        ],
        [
          0.0075,
          0.008,
          0.0045
        ],
        [
          0.004,
          0.003,
          0.004
        ],
        [
          0.003,
          0.001,
          0.0015
        ]
      ],
      "ci_lower": [
        0.15568128115522253,
        0.11135959272066809,
        0.08066218832079108,
        0.053747789391875446,
        0.03720752859364544,
        0.0242477608270622,
        0.012995521654124405,
        0.007538750299736575,
        0.001964269872207952,
        0.0022324490900835128,
        0.0
      ],
      "ci_upper": [
        0.17165205217811078,
        0.13430707394599858,
        0.09100447834587558,
        0.06091887727479121,
        0.04345913807302122,
        0.029418905839604468,
        0.023337811679208932,
        0.015127916366930092,
        0.011369063461125383,
        0.00510088424324982,
        0.004418905839604465
      ]
    },
    "VAE": {
      "ber_mean": [
        0.35400000000000004,
        0.3356666666666667,
        0.31816666666666665,
        0.30233333333333334,
        0.2885,
        0.28099999999999997,
        0.2695,
        0.2623333333333333,
        0.25866666666666666,
        0.25383333333333336,
        0.255
      ],