{
  "created": "2026-03-23T18:04:39.787570",
  "snr_range": [
    0,
    2,
    4,
    6,
    8,
    10,
    12,
    14,
    16,
    18,
    20
  ],
  "results": {
    "GenAI-3K": {
      "ber_mean": [
        0.1396666666666667,
        0.08750000000000001,
        0.04833333333333333,
        0.027333333333333334,
        0.011833333333333333,
        0.005999999999999999,
        0.0036666666666666666,
        0.0023333333333333335,
        0.0013333333333333333,
        0.0003333333333333333,
        0.00016666666666666666
      ],
      "ber_trials": [
        [
          0.135,
          0.139,
          0.145
        ],
        [
          0.083,
          0.0825,
          0.097
        ],
        [
          0.0465,
          0.045,
          0.0535
        ],
        [
          0.023,
          0.024,
          0.035
        ],
        [
          0.0115,
          0.011,
          0.013
        ],
        [
          0.0065,
          0.005,
          0.0065
        ],
        [
          0.004,
          0.0035,
          0.0035
        ],
        [
          0.0025,
          0.002,
          0.0025
        ],
        [
          0.002,
          0.0015,
          0.0005
        ],
        [
          0.0005,
          0.0005,
          0.0
        ],
        [
          0.0,
          0.0005,
          0.0
        ]
      ],
      "ci_lower": [
        0.12716344770791516,
        0.06705296606885987,
        0.037063084067300286,
        0.010793129357011051,
        0.0092477608270622,
        0.0038486736351252687,
        0.0029495578783750895,
        0.0016162245450417564,
        0.0,
        0.0,
        0.0
      ],
      "ci_upper": [
        0.15216988562541822,
        0.10794703393114015,
        0.05960358259936638,
        0.04387353730965562,
        0.014418905839604465,
        0.00815132636487473,
        0.004383775454958243,
        0.0030504421216249107,
        0.0032306248501317134,
        0.0010504421216249104,
        0.0008837754549582437
      ]
    },
    "Hybrid-3K": {
      "ber_mean": [
        0.13683333333333333,
        0.08366666666666667,
        0.04533333333333334,
        0.023000000000000003,
        0.010833333333333334,
        0.005666666666666667,
        0.0036666666666666666,
        0.002166666666666667,
        0.0013333333333333333,
        0.0003333333333333333,
        0.0
      ],
      "ber_trials": [
        [
          0.132,
          0.132,
          0.1465
        ],
        [
          0.0785,
          0.0765,
          0.096
        ],
        [
          0.0435,
          0.045,
          0.0475
        ],
        [
          0.019,
          0.02,
          0.03
        ],
        [
          0.01,
          0.0105,
          0.012
        ],
        [
          0.0065,
          0.005,
          0.0055
        ],
        [
          0.0035,
          0.0035,
          0.004
        ],
        [
          0.0025,
          0.002,
          0.002
        ],
        [
          0.002,
          0.0015,
          0.0005
        ],
        [
          0.0005,
          0.0005,
          0.0
        ],
        [
          0.0,
          0.0,
          0.0
        ]
      ],
      "ci_lower": [
        0.11603717847287762,
        0.05701760730855114,
        0.04031357181529229,
        0.007889580206864338,
        0.008247760827062203,
        0.0037693751498682876,
        0.0029495578783750895,
        0.0014495578783750899,
        0.0,
        0.0,
        0.0
      ],
      "ci_upper": [
        0.15762948819378905,
        0.11031572602478219,
        0.05035309485137438,
        0.03811041979313567,
        0.013418905839604464,
        0.007563958183465046,
        0.004383775454958243,
        0.002883775454958244,
        0.0032306248501317134,
        0.0010504421216249104,
        0.0
      ]
    },
    "VAE-3K": {
      "ber_mean": [
        0.3681666666666667,
        0.35200000000000004,
        0.33516666666666667,
        0.32416666666666666,
        0.31833333333333336,
        0.30883333333333335,
        0.3025,
        0.3003333333333333,
        0.29783333333333334,
        0.2946666666666667,
        0.2921666666666667
      ],
      "ber_trials": [
        [
          0.3725,
          0.3515,
          0.3805
        ],
        [
          0.359,
          0.336,
          0.361
        ],
        [
          0.344,
          0.3145,
          0.347
        ],
        [
          0.3275,
          0.3045,
          0.3405
        ],
        [
          0.3185,
          0.3,
          0.3365
        ],
        [
          0.3115,
          0.293,
          0.322
        ],
        [
          0.3055,
          0.285,
          0.317
        ],
        [
          0.3075,
          0.282,
          0.3115
        ],
        [
          0.3035,
          0.2785,
          0.3115
        ],
        [
          0.304,
          0.2765,
          0.3035
        ],
        [
          0.3015,
          0.274,
          0.301
        ]
      ],
      "ci_lower": [
        0.3309598450025205,
        0.3174892559774286,
        0.2905500503657587,
        0.2788808066570663,
        0.2729964022292398,
        0.27235934463108347,
        0.2622332081000419,
        0.26058066136307534,
        0.2550705542999816,
        0.2555793037814331,
        0.2530793037814332
      ],
      "ci_upper": [
        0.4053734883308129,
        0.38651074402257146,
        0.37978328296757463,
        0.369452526676267,
        0.3636702644374269,
        0.34530732203558323,
        0.34276679189995807,
        0.34008600530359123,
        0.3405961123666851,
        0.33375402955190026,
        0.3312540295519002
      ]
    },
    "Transformer-3K": {
      "ber_mean": [
        0.14400000000000002,
        0.08816666666666667,
        0.04833333333333333,
        0.025666666666666667,
        0.012166666666666666,
        0.005999999999999999,
        0.003833333333333333,
        0.002,
        0.001,
        0.00016666666666666666,
        0.0
      ],
      "ber_trials": [
        [
          0.142,
          0.139,
          0.151
        ],
        [
          0.082,
          0.085,
          0.0975
        ],
        [
          0.044,
          0.0455,
          0.0555
        ],
        [
          0.024,
          0.023,
          0.03
        ],
        [
          0.011,
          0.0115,
          0.014
        ],
        [
          0.007,
          0.0045,
          0.0065
        ],
        [
          0.0045,
          0.0035,
          0.0035
        ],
        [
          0.002,
          0.0015,
          0.0025
        ],
        [
          0.0015,
          0.001,
          0.0005
        ],
        [
          0.0005,
          0.0,
          0.0
        ],
        [
          0.0,
          0.0,
          0.0
        ]
      ],
      "ci_lower": [
        0.12848656496237323,
        0.0677447983252855,
        0.032803332957257625,
        0.01626187307774924,
        0.008173973910944602,
        0.0027137946961357847,
        0.00239911575675018,
        0.000757931144124835,
        0.0,
        0.0,
        0.0
      ],
      "ci_upper": [
        0.1595134350376268,
        0.10858853500804784,
        0.06386333370940904,
        0.035071460255584094,
        0.01615935942238873,
        0.009286205303864214,
        0.005267550909916486,
        0.003242068855875165,
        0.002242068855875165,
        0.0008837754549582437,
        0.0
      ]
    },
    "Mamba-3K": {
      "ber_mean": [
        0.1425,
        0.08900000000000001,
        0.047499999999999994,
        0.024666666666666667,
        0.012499999999999999,
        0.005666666666666667,
        0.004,
        0.002166666666666667,
        0.0013333333333333333,
        0.0003333333333333333,
        0.0
      ],