{
  "created": "2026-03-23T16:31:02.904860",
  "snr_range": [
    0,
    2,
    4,
    6,
    8,
    10,
    12,
    14,
    16,
    18,
    20
  ],
  "results": {
    "AF": {
      "ber_mean": [
        0.32833333333333337,
        0.27,
        0.2065,
        0.14966666666666664,
        0.1045,
        0.0655,
        0.03983333333333333,
        0.025333333333333333,
        0.0155,
        0.008666666666666668,
        0.004333333333333334
      ],
      "ber_trials": [
        [
          0.326,
          0.316,
          0.343
        ],
        [
          0.2695,
          0.2555,
          0.285
        ],
        [
          0.206,
          0.2005,
          0.213
        ],
        [
          0.1455,
          0.1435,
          0.16
        ],
        [
          0.1045,
          0.099,
          0.11
        ],
        [
          0.065,
          0.067,
          0.0645
        ],
        [
          0.039,
          0.0405,
          0.04
        ],
        [
          0.0225,
          0.0265,
          0.027
        ],
        [
          0.0145,
          0.017,
          0.015
        ],
        [
          0.008,
          0.0075,
          0.0105
        ],
        [
          0.0045,
          0.0035,
          0.005
        ]
      ],
      "ci_lower": [
        0.29442386781333657,
        0.23334318314116437,
        0.19093692184336913,
        0.12729792957982156,
        0.09083724258537318,
        0.062213794696135784,
        0.03793604181653495,
        0.019206353160369984,
        0.012213794696135784,
        0.004673973910944605,
        0.002436041816534954
      ],
      "ci_upper": [
        0.36224279885333016,
        0.30665681685883567,
        0.22206307815663084,
        0.17203540375351173,
        0.11816275741462681,
        0.06878620530386421,
        0.041730624850131716,
        0.03146031350629668,
        0.018786205303864215,
        0.01265935942238873,
        0.006230624850131714
      ]
    },
    "DF": {
      "ber_mean": [
        0.25416666666666665,
        0.19366666666666665,
        0.1395,
        0.09983333333333333,
        0.07083333333333335,
        0.04766666666666667,
        0.0315,
        0.020666666666666667,
        0.013833333333333331,
        0.0075,
        0.0036666666666666666
      ],
      "ber_trials": [
        [
          0.255,
          0.248,
          0.2595
        ],
        [
          0.1945,
          0.191,
          0.1955
        ],
        [
          0.139,
          0.139,
          0.1405
        ],
        [
          0.095,
          0.1,
          0.1045
        ],
        [
          0.07,
          0.074,
          0.0685
        ],
        [
          0.047,
          0.0485,
          0.0475
        ],
        [
          0.0285,
          0.0335,
          0.0325
        ],
        [
          0.0195,
          0.021,
          0.0215
        ],
        [
          0.0135,
          0.013,
          0.015
        ],
        [
          0.0075,
          0.006,
          0.009
        ],
        [
          0.004,
          0.0025,
          0.0045
        ]
      ],
      "ci_lower": [
        0.23977080820873714,
        0.1877968782586901,
        0.1373486736351253,
        0.08802823278906016,
        0.06377063084903131,
        0.045769375149868285,
        0.02492758939227157,
        0.018081094160395536,
        0.011247760827062199,
        0.0037737934323745057,
        0.0010810941603955353
      ],
      "ci_upper": [
        0.26856252512459616,
        0.1995364550746432,
        0.14165132636487474,
        0.1116384338776065,
        0.07789603581763538,
        0.049563958183465054,
        0.03807241060772843,
        0.023252239172937797,
        0.016418905839604463,
        0.011226206567625494,
        0.0062522391729377975
      ]
    },
    "GenAI (169p)": {
      "ber_mean": [
        0.25016666666666665,
        0.19516666666666668,
        0.14533333333333331,
        0.103,
        0.07250000000000001,
        0.04766666666666667,
        0.0315,
        0.020666666666666667,
        0.013333333333333334,
        0.007666666666666666,
        0.004166666666666667
      ],
      "ber_trials": [
        [
          0.2415,
          0.245,
          0.264
        ],
        [
          0.1945,
          0.189,
          0.202
        ],
        [
          0.143,
          0.1445,
          0.1485
        ],
        [
          0.0985,
          0.1015,
          0.109
        ],
        [
          0.069,
          0.0735,
          0.075
        ],
        [
          0.043,
          0.051,
          0.049
        ],
        [
          0.03,
          0.0335,
          0.031
        ],
        [
          0.0195,
          0.021,
          0.0215
        ],
        [
          0.012,
          0.013,
          0.015
        ],
        [
          0.0075,
          0.006,
          0.0095
        ],
        [
          0.004,
          0.0035,
          0.005
        ]
      ],
      "ci_lower": [
        0.22009081289562665,
        0.17895620084118213,
        0.13827063084903127,
        0.0895649711574556,
        0.06474328248118663,
        0.03732437664158214,
        0.027021657052485198,
        0.018081094160395536,
        0.009538750299736574,
        0.003304664199099104,
        0.0022693751498682867
      ],
      "ci_upper": [
        0.28024252043770664,
        0.21137713249215123,
        0.15239603581763536,
        0.11643502884254439,
        0.08025671751881339,
        0.0580089566917512,
        0.035978342947514806,
        0.023252239172937797,
        0.017127916366930094,
        0.012028669134234228,
        0.0060639581834650465
      ]
    },
    "Hybrid": {
      "ber_mean": [
        0.2525,
        0.1965,
        0.1465,
        0.10316666666666667,
        0.07283333333333332,
        0.04766666666666667,
        0.0315,
        0.020666666666666667,
        0.013833333333333331,
        0.0075,
        0.0036666666666666666
      ],
      "ber_trials": [
        [
          0.248,
          0.247,
          0.2625
        ],
        [
          0.1945,
          0.191,
          0.204
        ],
        [
          0.143,
          0.1495,
          0.147
        ],
        [
          0.1,
          0.1035,
          0.106
        ],
        [
          0.0715,
          0.073,
          0.074
        ],
        [
          0.046,
          0.0485,
          0.0485
        ],
        [
          0.0285,
          0.0335,
          0.0325
        ],
        [
          0.0195,
          0.021,
          0.0215
        ],
        [
          0.0135,
          0.013,
          0.015
        ],
        [
          0.0075,
          0.006,
          0.009
        ],
        [
          0.004,
          0.0025,
          0.0045
        ]
      ],
      "ci_lower": [
        0.23095091074167523,
        0.17978967257247658,
        0.13835520983464847,
        0.09567983111666917,
        0.06970752859364543,
        0.04408112272520878,
        0.02492758939227157,
        0.018081094160395536,
        0.011247760827062199,
        0.0037737934323745057,
        0.0010810941603955353
      ],
      "ci_upper": [
        0.2740490892583248,
        0.21321032742752344,
        0.15464479016535151,
        0.11065350221666417,
        0.07595913807302121,
        0.05125221060812456,
        0.03807241060772843,
        0.023252239172937797,
        0.016418905839604463,
        0.011226206567625494,
        0.0062522391729377975
      ]
    },
    "VAE": {
      "ber_mean": [
        0.39833333333333326,
        0.37283333333333335,
        0.35000000000000003,
        0.32916666666666666,
        0.3128333333333333,
        0.2928333333333333,
        0.2773333333333334,
        0.2695,
        0.26516666666666666,
        0.25783333333333336,
        0.2555
      ],