{
  "created": "2026-03-23T16:30:59.985734",
  "snr_range": [
    0,
    2,
    4,
    6,
    8,
    10,
    12,
    14,
    16,
    18,
    20
  ],
  "results": {
    "AF": {
      "ber_mean": [
        0.26516666666666666,
        0.2001666666666667,
        0.1366666666666667,
        0.08283333333333333,
        0.044000000000000004,
        0.02033333333333333,
        0.009166666666666667,
        0.0045,
        0.0023333333333333335,
        0.001,
        0.0006666666666666666
      ],
      "ber_trials": [
        [
          0.255,
          0.244,
          0.2965
        ],
        [
          0.189,
          0.184,
          0.2275
        ],
        [
          0.1265,
          0.129,
          0.1545
        ],
        [
          0.0785,
          0.0775,
          0.0925
        ],
        [
          0.0415,
          0.0405,
          0.05
        ],
        [
          0.017,
          0.017,
          0.027
        ],
        [
          0.0085,
          0.0075,
          0.0115
        ],
        [
          0.004,
          0.0035,
          0.006
        ],
        [
          0.003,
          0.0015,
          0.0025
        ],
        [
          0.0015,
          0.0,
          0.0015
        ],
        [
          0.0005,
          0.0,
          0.0015
        ]
      ],
      "ci_lower": [
        0.1963877463055569,
        0.14103670935354282,
        0.09817589003069993,
        0.062000119658463304,
        0.031032420439491438,
        0.005991157567501794,
        0.003995521654124404,
        0.0012137946961357855,
        0.00043604181653495344,
        0.0,
        0.0
      ],
      "ci_upper": [
        0.33394558702777644,
        0.2592966239797906,
        0.17515744330263344,
        0.10366654700820335,
        0.056967579560508574,
        0.03467550909916487,
        0.01433781167920893,
        0.007786205303864214,
        0.004230624850131714,
        0.003151326364874731,
        0.002563958183465047
      ]
    },
    "DF": {
      "ber_mean": [
        0.20633333333333334,
        0.14033333333333334,
        0.09016666666666666,
        0.04933333333333334,
        0.028333333333333332,
        0.015,
        0.007166666666666666,
        0.003833333333333333,
        0.0018333333333333333,
        0.0008333333333333334,
        0.0006666666666666666
      ],
      "ber_trials": [
        [
          0.1985,
          0.216,
          0.2045
        ],
        [
          0.139,
          0.145,
          0.137
        ],
        [
          0.0925,
          0.0895,
          0.0885
        ],
        [
          0.0465,
          0.053,
          0.0485
        ],
        [
          0.0265,
          0.0275,
          0.031
        ],
        [
          0.013,
          0.015,
          0.017
        ],
        [
          0.0065,
          0.0075,
          0.0075
        ],
        [
          0.0045,
          0.003,
          0.004
        ],
        [
          0.003,
          0.001,
          0.0015
        ],
        [
          0.001,
          0.0,
          0.0015
        ],
        [
          0.0005,
          0.0,
          0.0015
        ]
      ],
      "ci_lower": [
        0.18424219215596277,
        0.12999104330824884,
        0.08499552165412438,
        0.0410632313451722,
        0.02246354492535678,
        0.010031724576499337,
        0.0057324490900835115,
        0.001936041816534954,
        0.0,
        0.0,
        0.0
      ],
      "ci_upper": [
        0.2284244745107039,
        0.15067562335841783,
        0.09533781167920893,
        0.05760343532149448,
        0.034203121741309885,
        0.019968275423500662,
        0.00860088424324982,
        0.0057306248501317126,
        0.004418905839604465,
        0.0027306248501317134,
        0.002563958183465047
      ]
    },
    "GenAI (169p)": {
      "ber_mean": [
        0.20633333333333334,
        0.14316666666666666,
        0.09166666666666667,
        0.05416666666666666,
        0.029833333333333333,
        0.016333333333333335,
        0.006833333333333334,
        0.003833333333333333,
        0.0016666666666666668,
        0.001,
        0.0006666666666666666
      ],
      "ber_trials": [
        [
          0.203,
          0.2095,
          0.2065
        ],
        [
          0.1465,
          0.1455,
          0.1375
        ],
        [
          0.092,
          0.0925,
          0.0905
        ],
        [
          0.052,
          0.059,
          0.0515
        ],
        [
          0.0285,
          0.027,
          0.034
        ],
        [
          0.0145,
          0.017,
          0.0175
        ],
        [
          0.0055,
          0.0065,
          0.0085
        ],
        [
          0.004,
          0.0025,
          0.005
        ],
        [
          0.0025,
          0.001,
          0.0015
        ],
        [
          0.0015,
          0.0,
          0.0015
        ],
        [
          0.0005,
          0.0,
          0.0015
        ]
      ],
      "ci_lower": [
        0.19825192771245795,
        0.13091270632073998,
        0.08908109416039554,
        0.04375005982923165,
        0.020677901212349782,
        0.012340640577611271,
        0.0030387502997365726,
        0.000707528593645446,
        0.0,
        0.0,
        0.0
      ],
      "ci_upper": [
        0.21441473895420873,
        0.15542062701259335,
        0.0942522391729378,
        0.06458327350410167,
        0.038988765454316884,
        0.0203260260890554,
        0.010627916366930095,
        0.00695913807302122,
        0.003563958183465047,
        0.003151326364874731,
        0.002563958183465047
      ]
    },
    "Hybrid": {
      "ber_mean": [
        0.20466666666666666,
        0.14183333333333334,
        0.09300000000000001,
        0.050833333333333335,
        0.03,
        0.015,
        0.007166666666666666,
        0.003833333333333333,
        0.0018333333333333333,
        0.0008333333333333334,
        0.0006666666666666666
      ],
      "ber_trials": [
        [
          0.199,
          0.2085,
          0.2065
        ],
        [
          0.142,
          0.1465,
          0.137
        ],
        [
          0.0975,
          0.093,
          0.0885
        ],
        [
          0.0465,
          0.053,
          0.053
        ],
        [
          0.0265,
          0.0275,
          0.036
        ],
        [
          0.013,
          0.015,
          0.017
        ],
        [
          0.0065,
          0.0075,
          0.0075
        ],
        [
          0.0045,
          0.003,
          0.004
        ],
        [
          0.003,
          0.001,
          0.0015
        ],
        [
          0.001,
          0.0,
          0.0015
        ],
        [
          0.0005,
          0.0,
          0.0015
        ]
      ],
      "ci_lower": [
        0.1922252941825816,
        0.1300282327890602,
        0.08182138029712352,
        0.04151091908554284,
        0.017032420439491436,
        0.010031724576499337,
        0.0057324490900835115,
        0.001936041816534954,
        0.0,
        0.0,
        0.0
      ],
      "ci_upper": [
        0.21710803915075172,
        0.15363843387760648,
        0.10417861970287651,
        0.06015574758112383,
        0.04296757956050856,
        0.019968275423500662,
        0.00860088424324982,
        0.0057306248501317126,
        0.004418905839604465,
        0.0027306248501317134,
        0.002563958183465047
      ]
    },
    "VAE": {
      "ber_mean": [
        0.3721666666666667,
        0.3423333333333333,
        0.31983333333333336,
        0.3001666666666667,
        0.28400000000000003,
        0.27166666666666667,
        0.26333333333333336,
        0.2605,
        0.252,
        0.24949999999999997,
        0.248
      ],