{
  "created": "2026-03-23T18:27:35.068192",
  "snr_range": [
    0,
    2,
    4,
    6,
    8,
    10,
    12,
    14,
    16,
    18,
    20
  ],
  "results": {
    "AF (sigmoid)": {
      "ber_mean": [
        0.36999999999999994,
        0.32833333333333337,
        0.2743333333333333,
        0.21333333333333335,
        0.16749999999999998,
        0.11983333333333333,
        0.07583333333333332,
        0.04,
        0.016333333333333335,
        0.0045,
        0.0008333333333333334
      ]
    },
    "DF (sigmoid)": {
      "ber_mean": [
        0.3755,
        0.3276666666666667,
        0.276,
        0.21983333333333333,
        0.164,
        0.1065,
        0.05216666666666667,
        0.016,
        0.0029999999999999996,
        0.0,
        0.0
      ]
    },
    "GenAI (169p) (sigmoid)": {
      "ber_mean": [
        0.3798333333333333,
        0.341,
        0.289,
        0.24733333333333332,
        0.21416666666666664,
        0.18933333333333335,
        0.17633333333333331,
        0.17416666666666666,
        0.17800000000000002,
        0.1855,
        0.1955
      ]
    },
    "Hybrid (sigmoid)": {
      "ber_mean": [
        0.39349999999999996,
        0.3586666666666667,
        0.324,
        0.29916666666666664,
        0.2838333333333333,
        0.27233333333333337,
        0.26500000000000007,
        0.258,
        0.25316666666666665,
        0.25266666666666665,
        0.2528333333333333
      ]
    },
    "VAE (sigmoid)": {
      "ber_mean": [
        0.4705,
        0.45616666666666666,
        0.4495,
        0.43816666666666665,
        0.43283333333333335,
        0.42933333333333334,
        0.4315,
        0.4318333333333333,
        0.43166666666666664,
        0.4323333333333333,
        0.4326666666666667
      ]
    },
    "CGAN (WGAN-GP) (sigmoid)": {
      "ber_mean": [
        0.3806666666666667,
        0.34450000000000003,
        0.3056666666666667,
        0.2671666666666667,
        0.24466666666666667,
        0.23183333333333334,
        0.22283333333333333,
        0.22066666666666668,
        0.22733333333333336,
        0.2353333333333333,
        0.24016666666666664
      ]
    },
    "Transformer (sigmoid)": {
      "ber_mean": [
        0.3725,
        0.3336666666666667,
        0.2796666666666667,
        0.22716666666666666,
        0.18083333333333332,
        0.14416666666666667,
        0.11133333333333333,
        0.08766666666666667,
        0.0645,
        0.04566666666666666,
        0.030333333333333334
      ]
    },
    "Mamba S6 (sigmoid)": {
      "ber_mean": [
        0.377,
        0.33433333333333337,
        0.2803333333333333,
        0.23016666666666666,
        0.18166666666666664,
        0.14283333333333334,
        0.10933333333333334,
        0.08516666666666667,
        0.06516666666666666,
        0.05266666666666667,
        0.04416666666666667
      ]
    },
    "Mamba2 (SSD) (sigmoid)": {
      "ber_mean": [
        0.3733333333333333,
        0.335,
        0.2788333333333333,
        0.22666666666666668,
        0.17916666666666667,
        0.13883333333333334,
        0.10516666666666667,
        0.07066666666666667,
        0.04616666666666666,
        0.025833333333333333,
        0.014166666666666666
      ]
    },
    "AF (hardtanh)": {
      "ber_mean": [
        0.36999999999999994,
        0.32833333333333337,
        0.2743333333333333,
        0.21333333333333335,
        0.16749999999999998,
        0.11983333333333333,
        0.07583333333333332,
        0.04,
        0.016333333333333335,
        0.0045,
        0.0008333333333333334
      ]
    },
    "DF (hardtanh)": {
      "ber_mean": [
        0.3755,
        0.3276666666666667,
        0.276,
        0.21983333333333333,
        0.164,
        0.1065,
        0.05216666666666667,
        0.016,
        0.0029999999999999996,
        0.0,
        0.0
      ]
    },
    "GenAI (169p) (hardtanh)": {
      "ber_mean": [
        0.3821666666666667,
        0.34400000000000003,
        0.2985,
        0.2568333333333333,
        0.22816666666666666,
        0.20650000000000002,
        0.19499999999999998,
        0.19133333333333336,
        0.19583333333333333,
        0.20450000000000002,
        0.21266666666666667
      ]
    },
    "Hybrid (hardtanh)": {
      "ber_mean": [
        0.39349999999999996,
        0.3586666666666667,
        0.324,
        0.29916666666666664,
        0.2838333333333333,
        0.27233333333333337,
        0.26500000000000007,
        0.258,
        0.25316666666666665,
        0.25266666666666665,
        0.2528333333333333
      ]
    },
    "VAE (hardtanh)": {
      "ber_mean": [
        0.41,
        0.38316666666666666,
        0.3511666666666667,
        0.324,
        0.296,
        0.26766666666666666,
        0.24816666666666665,
        0.23216666666666666,
        0.22083333333333333,
        0.21516666666666664,
        0.215
      ]
    },
    "CGAN (WGAN-GP) (hardtanh)": {
      "ber_mean": [
        0.37966666666666665,
        0.3446666666666667,
        0.3045,
        0.2690000000000001,
        0.24866666666666667,
        0.23550000000000001,
        0.22733333333333336,
        0.22516666666666665,
        0.22883333333333333,
        0.23416666666666666,
        0.23933333333333331
      ]
    },
    "Transformer (hardtanh)": {
      "ber_mean": [
        0.37349999999999994,
        0.3361666666666667,
        0.2833333333333334,
        0.22933333333333336,
        0.18466666666666667,
        0.14633333333333332,
        0.11333333333333333,
        0.08900000000000001,
        0.06833333333333334,
        0.05533333333333334,
        0.041666666666666664
      ]
    },
    "Mamba S6 (hardtanh)": {
      "ber_mean": [
        0.3746666666666667,
        0.33233333333333337,
        0.2795,
        0.22916666666666666,
        0.18166666666666664,
        0.14433333333333334,
        0.11583333333333334,
        0.09133333333333334,
        0.07216666666666667,
        0.05499999999999999,
        0.04066666666666666
      ]
    },
    "Mamba2 (SSD) (hardtanh)": {
      "ber_mean": [
        0.373,
        0.3356666666666667,
        0.2801666666666667,
        0.2325,
        0.18633333333333332,
        0.14816666666666667,
        0.11750000000000001,
        0.09233333333333334,
        0.07216666666666667,
        0.055499999999999994,
        0.041666666666666664
      ]
    },
    "AF (scaled_tanh)": {
      "ber_mean": [
        0.36999999999999994,
        0.32833333333333337,
        0.2743333333333333,
        0.21333333333333335,
        0.16749999999999998,
        0.11983333333333333,
        0.07583333333333332,
        0.04,
        0.016333333333333335,
        0.0045,
        0.0008333333333333334
      ]
    },
    "DF (scaled_tanh)": {
      "ber_mean": [
        0.3755,
        0.3276666666666667,
        0.276,
        0.21983333333333333,
        0.164,
        0.1065,
        0.05216666666666667,
        0.016,
        0.0029999999999999996,
        0.0,
        0.0
      ]
    },
    "GenAI (169p) (scaled_tanh)": {
      "ber_mean": [
        0.38233333333333336,
        0.34249999999999997,
        0.2966666666666667,
        0.2571666666666667,
        0.23183333333333334,
        0.20933333333333334,
        0.19783333333333333,
        0.20133333333333334,
        0.209,
        0.22083333333333333,
        0.2313333333333333
      ]
    },
    "Hybrid (scaled_tanh)": {
      "ber_mean": [
        0.39349999999999996,
        0.3586666666666667,
        0.324,
        0.29916666666666664,
        0.2838333333333333,
        0.27233333333333337,
        0.26500000000000007,
        0.258,
        0.25316666666666665,
        0.25266666666666665,
        0.2528333333333333
      ]
    },