{
  "created": "2026-03-23T18:04:20.575603",
  "snr_range": [
    0,
    2,
    4,
    6,
    8,
    10,
    12,
    14,
    16,
    18,
    20
  ],
  "results": {
    "GenAI-3K": {
      "ber_mean": [
        0.267,
        0.1925,
        0.1135,
        0.05066666666666667,
        0.016,
        0.0033333333333333335,
        0.0003333333333333333,
        0.0,
        0.0,
        0.0,
        0.0
      ],
      "ber_trials": [
        [
          0.264,
          0.267,
          0.27
        ],
        [
          0.191,
          0.1945,
          0.192
        ],
        [
          0.112,
          0.1165,
          0.112
        ],
        [
          0.053,
          0.0485,
          0.0505
        ],
        [
          0.0145,
          0.0165,
          0.017
        ],
        [
          0.0025,
          0.0015,
          0.006
        ],
        [
          0.0,
          0.0,
          0.001
        ],
        [
          0.0,
          0.0,
          0.0
        ],
        [
          0.0,
          0.0,
          0.0
        ],
        [
          0.0,
          0.0,
          0.0
        ],
        [
          0.0,
          0.0,
          0.0
        ]
      ],
      "ci_lower": [
        0.259547586864749,
        0.1880216570524852,
        0.10704602090537581,
        0.045065867985322576,
        0.012713794696135785,
        0.0,
        0.0,
        0.0,
        0.0,
        0.0,
        0.0
      ],
      "ci_upper": [
        0.27445241313525104,
        0.19697834294751482,
        0.1199539790946242,
        0.05626746534801077,
        0.019286205303864216,
        0.009203121741309887,
        0.0017675509099164873,
        0.0,
        0.0,
        0.0,
        0.0
      ]
    },
    "Hybrid-3K": {
      "ber_mean": [
        0.26933333333333337,
        0.19383333333333333,
        0.11416666666666665,
        0.04416666666666667,
        0.010333333333333333,
        0.0011666666666666668,
        0.00016666666666666666,
        0.0,
        0.0,
        0.0,
        0.0
      ],
      "ber_trials": [
        [
          0.2655,
          0.274,
          0.2685
        ],
        [
          0.1875,
          0.199,
          0.195
        ],
        [
          0.106,
          0.1215,
          0.115
        ],
        [
          0.0415,
          0.048,
          0.043
        ],
        [
          0.011,
          0.01,
          0.01
        ],
        [
          0.0005,
          0.0005,
          0.0025
        ],
        [
          0.0,
          0.0,
          0.0005
        ],
        [
          0.0,
          0.0,
          0.0
        ],
        [
          0.0,
          0.0,
          0.0
        ],
        [
          0.0,
          0.0,
          0.0
        ],
        [
          0.0,
          0.0,
          0.0
        ]
      ],
      "ci_lower": [
        0.2586246154746615,
        0.1793307056119095,
        0.09483130720902726,
        0.03571207874175531,
        0.00889911575675018,
        0.0,
        0.0,
        0.0,
        0.0,
        0.0,
        0.0
      ],
      "ci_upper": [
        0.28004205119200526,
        0.20833596105475716,
        0.13350202612430603,
        0.05262125459157802,
        0.011767550909916486,
        0.004035101819832975,
        0.0008837754549582437,
        0.0,
        0.0,
        0.0,
        0.0
      ]
    },
    "VAE-3K": {
      "ber_mean": [
        0.4081666666666666,
        0.3826666666666667,
        0.3588333333333333,
        0.3365,
        0.32016666666666665,
        0.309,
        0.29633333333333334,
        0.28733333333333333,
        0.285,
        0.2838333333333333,
        0.2803333333333333
      ],
      "ber_trials": [
        [
          0.4175,
          0.4055,
          0.4015
        ],
        [
          0.3965,
          0.3765,
          0.375
        ],
        [
          0.368,
          0.3465,
          0.362
        ],
        [
          0.3515,
          0.32,
          0.338
        ],
        [
          0.3375,
          0.3005,
          0.3225
        ],
        [
          0.328,
          0.2855,
          0.3135
        ],
        [
          0.3105,
          0.275,
          0.3035
        ],
        [
          0.3015,
          0.268,
          0.2925
        ],
        [
          0.2975,
          0.2705,
          0.287
        ],
        [
          0.292,
          0.2715,
          0.288
        ],
        [
          0.291,
          0.2695,
          0.2805
        ]
      ],
      "ci_lower": [
        0.38748208661649763,
        0.35284838989503503,
        0.33127358213634517,
        0.297241977791892,
        0.2739367815359173,
        0.25533170093261454,
        0.2496220756384094,
        0.24426499500479132,
        0.2511892522019009,
        0.25683916386685074,
        0.25362644593030875
      ],
      "ci_upper": [
        0.4288512467168356,
        0.4124849434382984,
        0.3863930845303214,
        0.37575802220810806,
        0.36639655179741604,
        0.36266829906738546,
        0.3430445910282573,
        0.33040167166187534,
        0.31881074779809904,
        0.3108275027998159,
        0.3070402207363579
      ]
    },
    "Transformer-3K": {
      "ber_mean": [
        0.26933333333333337,
        0.19033333333333333,
        0.11433333333333334,
        0.049833333333333334,
        0.012499999999999999,
        0.0023333333333333335,
        0.00016666666666666666,
        0.0,
        0.0,
        0.0,
        0.0
      ],
      "ber_trials": [
        [
          0.2635,
          0.2735,
          0.271
        ],
        [
          0.1875,
          0.189,
          0.1945
        ],
        [
          0.112,
          0.1155,
          0.1155
        ],
        [
          0.0495,
          0.048,
          0.052
        ],
        [
          0.0125,
          0.0095,
          0.0155
        ],
        [
          0.002,
          0.001,
          0.004
        ],
        [
          0.0,
          0.0,
          0.0005
        ],
        [
          0.0,
          0.0,
          0.0
        ],
        [
          0.0,
          0.0,
          0.0
        ],
        [
          0.0,
          0.0,
          0.0
        ],
        [
          0.0,
          0.0,
          0.0
        ]
      ],
      "ci_lower": [
        0.2564054708019777,
        0.18117790121234978,
        0.1093135718152923,
        0.0448135718152923,
        0.005047586864749009,
        0.0,
        0.0,
        0.0,
        0.0,
        0.0,
        0.0
      ],
      "ci_upper": [
        0.28226119586468906,
        0.19948876545431687,
        0.11935309485137438,
        0.054853094851374365,
        0.01995241313525099,
        0.006127916366930094,
        0.0008837754549582437,
        0.0,
        0.0,
        0.0,
        0.0
      ]
    },
    "Mamba-3K": {
      "ber_mean": [
        0.27066666666666667,
        0.19183333333333333,
        0.112,
        0.046000000000000006,
        0.011666666666666667,
        0.0016666666666666668,
        0.00016666666666666666,
        0.0,
        0.0,
        0.0,
        0.0
      ],
      "ber_trials": [
        [
          0.2655,
          0.272,
          0.2745
        ],
        [
          0.191,
          0.1945,
          0.19
        ],
        [
          0.1055,
          0.117,
          0.1135
        ],
        [
          0.0445,
          0.0485,
          0.045
        ],
        [
          0.0125,
          0.0105,
          0.012
        ],
        [
          0.0015,
          0.0005,
          0.003
        ],
        [
          0.0,
          0.0,
          0.0005
        ],
        [
          0.0,
          0.0,
          0.0
        ],
        [
          0.0,
          0.0,
          0.0
        ],
        [
          0.0,
          0.0,
          0.0
        ],
        [
          0.0,
          0.0,
          0.0
        ]
      ],