{
  "created": "2026-03-23T18:04:34.589027",
  "snr_range": [
    0,
    2,
    4,
    6,
    8,
    10,
    12,
    14,
    16,
    18,
    20
  ],
  "results": {
    "GenAI-3K": {
      "ber_mean": [
        0.16666666666666666,
        0.12783333333333333,
        0.09383333333333332,
        0.06683333333333334,
        0.04566666666666667,
        0.029666666666666664,
        0.022833333333333334,
        0.012166666666666668,
        0.008333333333333333,
        0.004333333333333334,
        0.002166666666666667
      ],
      "ber_trials": [
        [
          0.171,
          0.1585,
          0.1705
        ],
        [
          0.1295,
          0.1235,
          0.1305
        ],
        [
          0.0925,
          0.091,
          0.098
        ],
        [
          0.068,
          0.065,
          0.0675
        ],
        [
          0.0455,
          0.046,
          0.0455
        ],
        [
          0.0295,
          0.0305,
          0.029
        ],
        [
          0.023,
          0.024,
          0.0215
        ],
        [
          0.0095,
          0.016,
          0.011
        ],
        [
          0.008,
          0.009,
          0.008
        ],
        [
          0.0045,
          0.0035,
          0.005
        ],
        [
          0.003,
          0.0015,
          0.002
        ]
      ],
      "ci_lower": [
        0.14908652862507968,
        0.11842853974441589,
        0.08467790121234978,
        0.06284064057761128,
        0.04494955787837509,
        0.027769375149868287,
        0.019707528593645444,
        0.0037120787417553106,
        0.006899115756750181,
        0.002436041816534954,
        0.0002693751498682869
      ],
      "ci_upper": [
        0.18424680470825364,
        0.13723812692225076,
        0.10298876545431687,
        0.0708260260890554,
        0.04638377545495825,
        0.031563958183465045,
        0.025959138073021224,
        0.020621254591578025,
        0.009767550909916486,
        0.006230624850131714,
        0.004063958183465047
      ]
    },
    "Hybrid-3K": {
      "ber_mean": [
        0.16366666666666665,
        0.12283333333333334,
        0.08583333333333333,
        0.057333333333333326,
        0.04033333333333333,
        0.026833333333333334,
        0.018166666666666668,
        0.011333333333333334,
        0.006666666666666667,
        0.0036666666666666666,
        0.0018333333333333333
      ],
      "ber_trials": [
        [
          0.16,
          0.165,
          0.166
        ],
        [
          0.1255,
          0.1175,
          0.1255
        ],
        [
          0.0865,
          0.0875,
          0.0835
        ],
        [
          0.059,
          0.0565,
          0.0565
        ],
        [
          0.0415,
          0.039,
          0.0405
        ],
        [
          0.028,
          0.0265,
          0.026
        ],
        [
          0.0175,
          0.0205,
          0.0165
        ],
        [
          0.011,
          0.013,
          0.01
        ],
        [
          0.0075,
          0.008,
          0.0045
        ],
        [
          0.004,
          0.003,
          0.004
        ],
        [
          0.003,
          0.001,
          0.0015
        ]
      ],
      "ci_lower": [
        0.15568128115522253,
        0.11135959272066809,
        0.08066218832079108,
        0.053747789391875446,
        0.03720752859364544,
        0.0242477608270622,
        0.012995521654124405,
        0.007538750299736575,
        0.001964269872207952,
        0.0022324490900835128,
        0.0
      ],
      "ci_upper": [
        0.17165205217811078,
        0.13430707394599858,
        0.09100447834587558,
        0.06091887727479121,
        0.04345913807302122,
        0.029418905839604468,
        0.023337811679208932,
        0.015127916366930092,
        0.011369063461125383,
        0.00510088424324982,
        0.004418905839604465
      ]
    },
    "VAE-3K": {
      "ber_mean": [
        0.38366666666666666,
        0.3633333333333333,
        0.34833333333333333,
        0.337,
        0.3223333333333333,
        0.31683333333333336,
        0.3026666666666667,
        0.29450000000000004,
        0.2873333333333334,
        0.2823333333333333,
        0.2803333333333333
      ],
      "ber_trials": [
        [
          0.399,
          0.361,
          0.391
        ],
        [
          0.3795,
          0.3345,
          0.376
        ],
        [
          0.3675,
          0.314,
          0.3635
        ],
        [
          0.3515,
          0.3035,
          0.356
        ],
        [
          0.3345,
          0.293,
          0.3395
        ],
        [
          0.3335,
          0.2855,
          0.3315
        ],
        [
          0.312,
          0.274,
          0.322
        ],
        [
          0.302,
          0.268,
          0.3135
        ],
        [
          0.2975,
          0.2605,
          0.304
        ],
        [
          0.296,
          0.2545,
          0.2965
        ],
        [
          0.2905,
          0.2565,
          0.294
        ]
      ],
      "ci_lower": [
        0.3339011767303263,
        0.3011512759364583,
        0.27430422340481186,
        0.26471415360014394,
        0.25892291016504204,
        0.24937934986282295,
        0.23975697242460553,
        0.2357276956323495,
        0.22904425366040662,
        0.22245152904913962,
        0.2288760930425096
      ],
      "ci_upper": [
        0.433432156603007,
        0.4255153907302083,
        0.4223624432618548,
        0.4092858463998561,
        0.38574375650162457,
        0.38428731680384376,
        0.36557636090872786,
        0.35327230436765056,
        0.3456224130062602,
        0.34221513761752703,
        0.33179057362415704
      ]
    },
    "Transformer-3K": {
      "ber_mean": [
        0.16883333333333336,
        0.12783333333333333,
        0.09116666666666666,
        0.06433333333333334,
        0.04416666666666667,
        0.029166666666666664,
        0.02,
        0.013166666666666667,
        0.006666666666666665,
        0.0033333333333333335,
        0.0018333333333333333
      ],
      "ber_trials": [
        [
          0.1745,
          0.161,
          0.171
        ],
        [
          0.129,
          0.124,
          0.1305
        ],
        [
          0.0915,
          0.0915,
          0.0905
        ],
        [
          0.0635,
          0.066,
          0.0635
        ],
        [
          0.0445,
          0.046,
          0.042
        ],
        [
          0.031,
          0.03,
          0.0265
        ],
        [
          0.0205,
          0.0215,
          0.018
        ],
        [
          0.0125,
          0.015,
          0.012
        ],
        [
          0.0065,
          0.008,
          0.0055
        ],
        [
          0.004,
          0.003,
          0.003
        ],
        [
          0.0025,
          0.0015,
          0.0015
        ]
      ],
      "ci_lower": [
        0.151429589098534,
        0.11937874540842196,
        0.0897324490900835,
        0.06074778939187545,
        0.039146905148625635,
        0.02329687825869011,
        0.0155216570524852,
        0.009173973910944606,
        0.003540861926978777,
        0.0018991157567501795,
        0.00039911575675017925
      ],
      "ci_upper": [
        0.18623707756813274,
        0.13628792125824468,
        0.09260088424324982,
        0.06791887727479123,
        0.0491864281847077,
        0.035036455074643216,
        0.024478342947514803,
        0.017159359422388727,
        0.009792471406354555,
        0.004767550909916487,
        0.0032675509099164874
      ]
    },