{
  "created": "2026-03-23T18:04:30.238122",
  "snr_range": [
    0,
    2,
    4,
    6,
    8,
    10,
    12,
    14,
    16,
    18,
    20
  ],
  "results": {
    "GenAI-3K": {
      "ber_mean": [
        0.25566666666666665,
        0.19699999999999998,
        0.14566666666666664,
        0.1075,
        0.074,
        0.04866666666666667,
        0.03383333333333333,
        0.022333333333333334,
        0.014333333333333332,
        0.0085,
        0.004
      ],
      "ber_trials": [
        [
          0.2495,
          0.2535,
          0.264
        ],
        [
          0.1985,
          0.191,
          0.2015
        ],
        [
          0.1465,
          0.141,
          0.1495
        ],
        [
          0.105,
          0.1055,
          0.112
        ],
        [
          0.0725,
          0.0735,
          0.076
        ],
        [
          0.0445,
          0.051,
          0.0505
        ],
        [
          0.031,
          0.0365,
          0.034
        ],
        [
          0.0205,
          0.024,
          0.0225
        ],
        [
          0.013,
          0.013,
          0.017
        ],
        [
          0.008,
          0.0075,
          0.01
        ],
        [
          0.004,
          0.0035,
          0.0045
        ]
      ],
      "ci_lower": [
        0.23706325583459353,
        0.18356497115745557,
        0.13495794880799475,
        0.09779913212094724,
        0.0695216570524852,
        0.039681319303516635,
        0.02699255148501393,
        0.017971330865765772,
        0.008596463027000713,
        0.005213794696135786,
        0.0027579311441248353
      ],
      "ci_upper": [
        0.2742700774987398,
        0.2104350288425444,
        0.15637538452533853,
        0.11720086787905276,
        0.0784783429475148,
        0.057652014029816706,
        0.04067411518165274,
        0.026695335800900895,
        0.02007020363966595,
        0.011786205303864216,
        0.005242068855875165
      ]
    },
    "Hybrid-3K": {
      "ber_mean": [
        0.2571666666666667,
        0.20283333333333334,
        0.1505,
        0.10966666666666668,
        0.07483333333333332,
        0.049499999999999995,
        0.0315,
        0.020666666666666667,
        0.013833333333333331,
        0.0075,
        0.0036666666666666666
      ],
      "ber_trials": [
        [
          0.249,
          0.2495,
          0.273
        ],
        [
          0.1995,
          0.1985,
          0.2105
        ],
        [
          0.1445,
          0.149,
          0.158
        ],
        [
          0.1035,
          0.1115,
          0.114
        ],
        [
          0.0745,
          0.071,
          0.079
        ],
        [
          0.0455,
          0.0485,
          0.0545
        ],
        [
          0.0285,
          0.0335,
          0.0325
        ],
        [
          0.0195,
          0.021,
          0.0215
        ],
        [
          0.0135,
          0.013,
          0.015
        ],
        [
          0.0075,
          0.006,
          0.009
        ],
        [
          0.004,
          0.0025,
          0.0045
        ]
      ],
      "ci_lower": [
        0.2230983383080431,
        0.1862931293570111,
        0.13342437634881457,
        0.0960415996891267,
        0.06487093965765037,
        0.03811625089920971,
        0.02492758939227157,
        0.018081094160395536,
        0.011247760827062199,
        0.0037737934323745057,
        0.0010810941603955353
      ],
      "ci_upper": [
        0.2912349950252903,
        0.2193735373096556,
        0.16757562365118542,
        0.12329173364420665,
        0.08479572700901628,
        0.06088374910079028,
        0.03807241060772843,
        0.023252239172937797,
        0.016418905839604463,
        0.011226206567625494,
        0.0062522391729377975
      ]
    },
    "VAE-3K": {
      "ber_mean": [
        0.41033333333333327,
        0.3888333333333333,
        0.36866666666666664,
        0.3461666666666667,
        0.3348333333333333,
        0.31883333333333336,
        0.309,
        0.29633333333333334,
        0.2885,
        0.2843333333333333,
        0.2793333333333333
      ],
      "ber_trials": [
        [
          0.414,
          0.3905,
          0.4265
        ],
        [
          0.3865,
          0.37,
          0.41
        ],
        [
          0.364,
          0.3505,
          0.3915
        ],
        [
          0.3475,
          0.3245,
          0.3665
        ],
        [
          0.3355,
          0.312,
          0.357
        ],
        [
          0.328,
          0.294,
          0.3345
        ],
        [
          0.3155,
          0.284,
          0.3275
        ],
        [
          0.302,
          0.269,
          0.318
        ],
        [
          0.2975,
          0.2615,
          0.3065
        ],
        [
          0.2955,
          0.256,
          0.3015
        ],
        [
          0.2905,
          0.25,
          0.2975
        ]
      ],
      "ci_lower": [
        0.3649283967943593,
        0.33889763393827055,
        0.3167616608422798,
        0.2939209727234092,
        0.2789218368268416,
        0.26480214839473565,
        0.2531897675037807,
        0.23426302121293524,
        0.22934830453044414,
        0.22292520122154635,
        0.21563162686162723
      ],
      "ci_upper": [
        0.45573826987230726,
        0.43876903272839607,
        0.4205716724910535,
        0.39841236060992413,
        0.39074482983982506,
        0.37286451827193107,
        0.3648102324962193,
        0.35840364545373143,
        0.3476516954695558,
        0.3457414654451203,
        0.3430350398050394
      ]
    },
    "Transformer-3K": {
      "ber_mean": [
        0.3288333333333333,
        0.2596666666666667,
        0.18450000000000003,
        0.12166666666666666,
        0.08233333333333333,
        0.05333333333333334,
        0.03366666666666667,
        0.02266666666666667,
        0.013833333333333335,
        0.0075,
        0.004
      ],
      "ber_trials": [
        [
          0.3255,
          0.31,
          0.351
        ],
        [
          0.263,
          0.2425,
          0.2735
        ],
        [
          0.1885,
          0.17,
          0.195
        ],
        [
          0.122,
          0.116,
          0.127
        ],
        [
          0.0835,
          0.0795,
          0.084
        ],
        [
          0.053,
          0.0535,
          0.0535
        ],
        [
          0.031,
          0.0365,
          0.0335
        ],
        [
          0.0215,
          0.023,
          0.0235
        ],
        [
          0.0125,
          0.0145,
          0.0145
        ],
        [
          0.007,
          0.006,
          0.0095
        ],
        [
          0.004,
          0.0035,
          0.0045
        ]
      ],
      "ci_lower": [
        0.2774060826945708,
        0.22050044553808604,
        0.15227794724477223,
        0.10798510297002785,
        0.07620635316036997,
        0.05261622454504176,
        0.026825884818347266,
        0.020081094160395534,
        0.010964898180167026,
        0.0030216570524852007,
        0.0027579311441248353
      ],
      "ci_upper": [
        0.38026058397209583,
        0.2988328877952474,
        0.21672205275522782,
        0.13534823036330546,
        0.08846031350629668,
        0.054050442121624916,
        0.040507448514986076,
        0.025252239172937802,
        0.01670176848649964,
        0.011978342947514799,
        0.005242068855875165
      ]
    },
    "Mamba-3K": {
      "ber_mean": [
        0.32749999999999996,
        0.25616666666666665,
        0.18133333333333335,
        0.1205,
        0.082,
        0.052333333333333336,
        0.03316666666666667,
        0.022000000000000002,
        0.014333333333333332,
        0.0071666666666666675,
        0.004
      ],