{
  "created": "2026-03-23T18:04:23.521501",
  "snr_range": [
    0,
    2,
    4,
    6,
    8,
    10,
    12,
    14,
    16,
    18,
    20
  ],
  "results": {
    "GenAI-3K": {
      "ber_mean": [
        0.252,
        0.19933333333333336,
        0.1465,
        0.10149999999999999,
        0.07066666666666667,
        0.04900000000000001,
        0.0315,
        0.0205,
        0.014666666666666666,
        0.008166666666666668,
        0.005
      ],
      "ber_trials": [
        [
          0.248,
          0.251,
          0.257
        ],
        [
          0.199,
          0.201,
          0.198
        ],
        [
          0.149,
          0.147,
          0.1435
        ],
        [
          0.106,
          0.103,
          0.0955
        ],
        [
          0.0705,
          0.073,
          0.0685
        ],
        [
          0.0515,
          0.0495,
          0.046
        ],
        [
          0.032,
          0.0325,
          0.03
        ],
        [
          0.019,
          0.0225,
          0.02
        ],
        [
          0.012,
          0.016,
          0.016
        ],
        [
          0.0075,
          0.008,
          0.009
        ],
        [
          0.0055,
          0.0055,
          0.004
        ]
      ],
      "ci_lower": [
        0.2406162508992097,
        0.1955387502997366,
        0.13958445328807717,
        0.0880649711574556,
        0.06506586798532257,
        0.04208445328807721,
        0.028213794696135785,
        0.016021657052485202,
        0.008929796360334051,
        0.0062693751498682886,
        0.0028486736351252696
      ],
      "ci_upper": [
        0.26338374910079027,
        0.20312791636693012,
        0.1534155467119228,
        0.11493502884254439,
        0.07626746534801077,
        0.05591554671192281,
        0.03478620530386422,
        0.0249783429475148,
        0.02040353697299928,
        0.010063958183465047,
        0.007151326364874731
      ]
    },
    "Hybrid-3K": {
      "ber_mean": [
        0.2575,
        0.19699999999999998,
        0.1455,
        0.10366666666666667,
        0.07183333333333333,
        0.04666666666666667,
        0.03233333333333333,
        0.02033333333333333,
        0.014,
        0.008166666666666668,
        0.004666666666666667
      ],
      "ber_trials": [
        [
          0.26,
          0.252,
          0.2605
        ],
        [
          0.1985,
          0.198,
          0.1945
        ],
        [
          0.146,
          0.147,
          0.1435
        ],
        [
          0.1055,
          0.106,
          0.0995
        ],
        [
          0.073,
          0.0735,
          0.069
        ],
        [
          0.048,
          0.0455,
          0.0465
        ],
        [
          0.0345,
          0.0335,
          0.029
        ],
        [
          0.0185,
          0.0235,
          0.019
        ],
        [
          0.0125,
          0.0155,
          0.014
        ],
        [
          0.007,
          0.0085,
          0.009
        ],
        [
          0.005,
          0.005,
          0.004
        ]
      ],
      "ci_lower": [
        0.24565141827521586,
        0.19158594737632095,
        0.14102165705248518,
        0.09468131930351666,
        0.06570635316036999,
        0.04354086192697878,
        0.02505547400058744,
        0.013492551485013927,
        0.010273793432374506,
        0.005581094160395537,
        0.003232449090083513
      ],
      "ci_upper": [
        0.26934858172478415,
        0.202414052623679,
        0.1499783429475148,
        0.11265201402981669,
        0.07796031350629667,
        0.04979247140635456,
        0.03961119266607922,
        0.027174115181652737,
        0.017726206567625493,
        0.010752239172937798,
        0.006100884243249821
      ]
    },
    "VAE-3K": {
      "ber_mean": [
        0.4115,
        0.38883333333333336,
        0.37483333333333335,
        0.3541666666666667,
        0.334,
        0.315,
        0.305,
        0.29516666666666663,
        0.289,
        0.28099999999999997,
        0.2791666666666666
      ],
      "ber_trials": [
        [
          0.417,
          0.402,
          0.4155
        ],
        [
          0.399,
          0.379,
          0.3885
        ],
        [
          0.385,
          0.3645,
          0.375
        ],
        [
          0.3655,
          0.3425,
          0.3545
        ],
        [
          0.348,
          0.314,
          0.34
        ],
        [
          0.323,
          0.297,
          0.325
        ],
        [
          0.3155,
          0.285,
          0.3145
        ],
        [
          0.311,
          0.27,
          0.3045
        ],
        [
          0.309,
          0.26,
          0.298
        ],
        [
          0.302,
          0.2525,
          0.2885
        ],
        [
          0.2955,
          0.255,
          0.287
        ]
      ],
      "ci_lower": [
        0.39097765445504185,
        0.3639816077975026,
        0.34936839738283537,
        0.3255900838999838,
        0.28984100211715524,
        0.27619652848378895,
        0.26195554871618426,
        0.2404263186772202,
        0.22513301750519718,
        0.21743567764128152,
        0.22611515431345508
      ],
      "ci_upper": [
        0.4320223455449581,
        0.4136850588691641,
        0.40029826928383133,
        0.3827432494333496,
        0.3781589978828448,
        0.35380347151621105,
        0.3480444512838157,
        0.34990701465611307,
        0.35286698249480275,
        0.3445643223587184,
        0.33221817901987816
      ]
    },
    "Transformer-3K": {
      "ber_mean": [
        0.3288333333333333,
        0.26216666666666666,
        0.18066666666666667,
        0.1175,
        0.07783333333333332,
        0.05000000000000001,
        0.03183333333333333,
        0.021666666666666667,
        0.014333333333333335,
        0.007833333333333333,
        0.004666666666666667
      ],
      "ber_trials": [
        [
          0.345,
          0.3005,
          0.341
        ],
        [
          0.2875,
          0.236,
          0.263
        ],
        [
          0.2015,
          0.163,
          0.1775
        ],
        [
          0.1295,
          0.106,
          0.117
        ],
        [
          0.0875,
          0.0705,
          0.0755
        ],
        [
          0.0565,
          0.048,
          0.0455
        ],
        [
          0.031,
          0.034,
          0.0305
        ],
        [
          0.02,
          0.024,
          0.021
        ],
        [
          0.0125,
          0.016,
          0.0145
        ],
        [
          0.0075,
          0.007,
          0.009
        ],
        [
          0.005,
          0.005,
          0.004
        ]
      ],
      "ci_lower": [
        0.2676769437358106,
        0.19817500276867878,
        0.13236418609237702,
        0.0882915683640412,
        0.05612968310927118,
        0.035675763172728525,
        0.027130936538874613,
        0.016495521654124407,
        0.009971330865765772,
        0.005247760827062202,
        0.003232449090083513
      ],
      "ci_upper": [
        0.38998972293085604,
        0.32615833056465454,
        0.22896914724095632,
        0.14670843163595879,
        0.09953698355739546,
        0.0643242368272715,
        0.03653573012779205,
        0.02683781167920893,
        0.018695335800900898,
        0.010418905839604463,
        0.006100884243249821
      ]
    },
    "Mamba-3K": {
      "ber_mean": [
        0.32,
        0.25466666666666665,
        0.17966666666666667,
        0.11533333333333333,
        0.076,
        0.04900000000000001,
        0.03133333333333333,
        0.021333333333333333,
        0.013999999999999999,
        0.007833333333333333,
        0.004666666666666667
      ],