{
  "created": "2026-03-23T18:04:25.970038",
  "snr_range": [
    0,
    2,
    4,
    6,
    8,
    10,
    12,
    14,
    16,
    18,
    20
  ],
  "results": {
    "GenAI-3K": {
      "ber_mean": [
        0.21116666666666664,
        0.14716666666666667,
        0.09533333333333334,
        0.053,
        0.031,
        0.015833333333333335,
        0.007666666666666666,
        0.004166666666666667,
        0.0015000000000000002,
        0.0006666666666666666,
        0.0006666666666666666
      ],
      "ber_trials": [
        [
          0.202,
          0.2165,
          0.215
        ],
        [
          0.1405,
          0.149,
          0.152
        ],
        [
          0.092,
          0.0965,
          0.0975
        ],
        [
          0.052,
          0.054,
          0.053
        ],
        [
          0.0265,
          0.0295,
          0.037
        ],
        [
          0.014,
          0.014,
          0.0195
        ],
        [
          0.006,
          0.008,
          0.009
        ],
        [
          0.005,
          0.003,
          0.0045
        ],
        [
          0.0025,
          0.0005,
          0.0015
        ],
        [
          0.0005,
          0.0,
          0.0015
        ],
        [
          0.0005,
          0.0,
          0.0015
        ]
      ],
      "ci_lower": [
        0.19135836169453577,
        0.1323483462124917,
        0.08805547400058744,
        0.05051586228824967,
        0.017564971157455603,
        0.007945136662125988,
        0.0038720836330699074,
        0.0015810941603955353,
        0.0,
        0.0,
        0.0
      ],
      "ci_upper": [
        0.23097497163879752,
        0.16198498712084164,
        0.10261119266607924,
        0.05548413771175033,
        0.0444350288425444,
        0.02372153000454068,
        0.011461249700263425,
        0.006752239172937798,
        0.00398413771175033,
        0.002563958183465047,
        0.002563958183465047
      ]
    },
    "Hybrid-3K": {
      "ber_mean": [
        0.21083333333333332,
        0.14783333333333334,
        0.09866666666666668,
        0.052333333333333336,
        0.03,
        0.015,
        0.007166666666666666,
        0.003833333333333333,
        0.0018333333333333333,
        0.0008333333333333334,
        0.0006666666666666666
      ],
      "ber_trials": [
        [
          0.207,
          0.212,
          0.2135
        ],
        [
          0.1455,
          0.15,
          0.148
        ],
        [
          0.0965,
          0.0995,
          0.1
        ],
        [
          0.0465,
          0.053,
          0.0575
        ],
        [
          0.0265,
          0.0275,
          0.036
        ],
        [
          0.013,
          0.015,
          0.017
        ],
        [
          0.0065,
          0.0075,
          0.0075
        ],
        [
          0.0045,
          0.003,
          0.004
        ],
        [
          0.003,
          0.001,
          0.0015
        ],
        [
          0.001,
          0.0,
          0.0015
        ],
        [
          0.0005,
          0.0,
          0.0015
        ]
      ],
      "ci_lower": [
        0.20237874540842196,
        0.14223253465198923,
        0.09396426987220796,
        0.03859550525798168,
        0.017032420439491436,
        0.010031724576499337,
        0.0057324490900835115,
        0.001936041816534954,
        0.0,
        0.0,
        0.0
      ],
      "ci_upper": [
        0.21928792125824467,
        0.15343413201467745,
        0.1033690634611254,
        0.06607116140868499,
        0.04296757956050856,
        0.019968275423500662,
        0.00860088424324982,
        0.0057306248501317126,
        0.004418905839604465,
        0.0027306248501317134,
        0.002563958183465047
      ]
    },
    "VAE-3K": {
      "ber_mean": [
        0.3886666666666667,
        0.3621666666666667,
        0.3448333333333333,
        0.327,
        0.3156666666666667,
        0.301,
        0.292,
        0.2886666666666667,
        0.2833333333333333,
        0.2813333333333334,
        0.2753333333333334
      ],
      "ber_trials": [
        [
          0.399,
          0.3845,
          0.3825
        ],
        [
          0.368,
          0.359,
          0.3595
        ],
        [
          0.352,
          0.3355,
          0.347
        ],
        [
          0.3315,
          0.323,
          0.3265
        ],
        [
          0.32,
          0.308,
          0.319
        ],
        [
          0.309,
          0.2875,
          0.3065
        ],
        [
          0.2965,
          0.274,
          0.3055
        ],
        [
          0.293,
          0.2695,
          0.3035
        ],
        [
          0.2885,
          0.264,
          0.2975
        ],
        [
          0.284,
          0.262,
          0.298
        ],
        [
          0.281,
          0.2525,
          0.2925
        ]
      ],
      "ci_lower": [
        0.3662979295798216,
        0.34960190565130234,
        0.32381580571383284,
        0.31638775904346034,
        0.29912646269034443,
        0.27179156836404117,
        0.25169491347236683,
        0.2454195960513162,
        0.24026499500479132,
        0.23625233626920122,
        0.22417678069837882
      ],
      "ci_upper": [
        0.41103540375351183,
        0.37473142768203105,
        0.3658508609528338,
        0.3376122409565397,
        0.332206870642989,
        0.3302084316359588,
        0.33230508652763313,
        0.3319137372820172,
        0.32640167166187534,
        0.32641433039746554,
        0.32648988596828793
      ]
    },
    "Transformer-3K": {
      "ber_mean": [
        0.24316666666666667,
        0.16616666666666666,
        0.1045,
        0.06166666666666667,
        0.029833333333333333,
        0.016166666666666666,
        0.0075,
        0.004,
        0.0015000000000000002,
        0.0008333333333333334,
        0.0006666666666666666
      ],
      "ber_trials": [
        [
          0.22,
          0.218,
          0.2915
        ],
        [
          0.151,
          0.1495,
          0.198
        ],
        [
          0.0955,
          0.0935,
          0.1245
        ],
        [
          0.054,
          0.0565,
          0.0745
        ],
        [
          0.025,
          0.0255,
          0.039
        ],
        [
          0.012,
          0.0155,
          0.021
        ],
        [
          0.006,
          0.007,
          0.0095
        ],
        [
          0.005,
          0.0025,
          0.0045
        ],
        [
          0.0025,
          0.0005,
          0.0015
        ],
        [
          0.001,
          0.0,
          0.0015
        ],
        [
          0.0005,
          0.0,
          0.0015
        ]
      ],
      "ci_lower": [
        0.13915622313010467,
        0.09765743922237091,
        0.06140182148335048,
        0.03388390642975418,
        0.010103065322394519,
        0.004896417400633618,
        0.0030216570524852007,
        0.000713794696135786,
        0.0,
        0.0,
        0.0
      ],
      "ci_upper": [
        0.34717711020322867,
        0.2346758941109624,
        0.14759817851664953,
        0.08944942690357915,
        0.04956360134427215,
        0.027436915932699715,
        0.011978342947514799,
        0.007286205303864214,
        0.00398413771175033,
        0.0027306248501317134,
        0.002563958183465047
      ]
    },
    "Mamba-3K": {
      "ber_mean": [
        0.24166666666666667,
        0.16749999999999998,
        0.10233333333333333,
        0.0595,
        0.030333333333333334,
        0.015666666666666666,
        0.007833333333333333,
        0.003833333333333333,
        0.0016666666666666668,
        0.0008333333333333334,
        0.0006666666666666666
      ],