{
  "created": "2026-03-23T18:05:48.684463",
  "snr_range": [
    0,
    2,
    4,
    6,
    8,
    10,
    12,
    14,
    16,
    18,
    20
  ],
  "results": {
    "AF": {
      "ber_mean": [
        0.33049999999999996,
        0.26866666666666666,
        0.205,
        0.142,
        0.09166666666666667,
        0.058166666666666665,
        0.03733333333333333,
        0.02266666666666667,
        0.014666666666666666,
        0.009166666666666668,
        0.005333333333333333
      ],
      "ber_trials": [
        [
          0.3355,
          0.31,
          0.346
        ],
        [
          0.2795,
          0.247,
          0.2795
        ],
        [
          0.2195,
          0.1885,
          0.207
        ],
        [
          0.1565,
          0.13,
          0.1395
        ],
        [
          0.11,
          0.082,
          0.083
        ],
        [
          0.0685,
          0.054,
          0.052
        ],
        [
          0.0365,
          0.0395,
          0.036
        ],
        [
          0.0205,
          0.0265,
          0.021
        ],
        [
          0.0135,
          0.016,
          0.0145
        ],
        [
          0.008,
          0.009,
          0.0105
        ],
        [
          0.0055,
          0.006,
          0.0045
        ]
      ],
      "ci_lower": [
        0.2845098951556996,
        0.2220545954277141,
        0.16625621086443407,
        0.10864865871045117,
        0.052206130644789045,
        0.03579792957982158,
        0.03263093653887461,
        0.01439656467850553,
        0.011540861926978778,
        0.00604086192697878,
        0.003436041816534953
      ],
      "ci_upper": [
        0.37649010484430034,
        0.3152787379056192,
        0.2437437891355659,
        0.17535134128954882,
        0.1311272026885443,
        0.08053540375351176,
        0.04203573012779205,
        0.030936768654827806,
        0.017792471406354555,
        0.012292471406354557,
        0.007230624850131713
      ]
    },
    "DF": {
      "ber_mean": [
        0.24516666666666667,
        0.18883333333333333,
        0.1391666666666667,
        0.09866666666666668,
        0.06833333333333334,
        0.04416666666666667,
        0.030833333333333334,
        0.02033333333333333,
        0.014,
        0.008166666666666668,
        0.004666666666666667
      ],
      "ber_trials": [
        [
          0.2495,
          0.2425,
          0.2435
        ],
        [
          0.187,
          0.1915,
          0.188
        ],
        [
          0.1415,
          0.1405,
          0.1355
        ],
        [
          0.0995,
          0.099,
          0.0975
        ],
        [
          0.0685,
          0.0665,
          0.07
        ],
        [
          0.0465,
          0.0455,
          0.0405
        ],
        [
          0.03,
          0.0335,
          0.029
        ],
        [
          0.0185,
          0.0235,
          0.019
        ],
        [
          0.0125,
          0.0155,
          0.014
        ],
        [
          0.007,
          0.0085,
          0.009
        ],
        [
          0.005,
          0.005,
          0.004
        ]
      ],
      "ci_lower": [
        0.23576187307774923,
        0.18296354492535677,
        0.1311812811552226,
        0.09608109416039555,
        0.06397133086576577,
        0.036181281155222546,
        0.024963544925356778,
        0.013492551485013927,
        0.010273793432374506,
        0.005581094160395537,
        0.003232449090083513
      ],
      "ci_upper": [
        0.25457146025558414,
        0.19470312174130988,
        0.14715205217811078,
        0.10125223917293781,
        0.07269533580090091,
        0.05215205217811079,
        0.036703121741309894,
        0.027174115181652737,
        0.017726206567625493,
        0.010752239172937798,
        0.006100884243249821
      ]
    },
    "GenAI (169p)": {
      "ber_mean": [
        0.24850000000000003,
        0.19566666666666666,
        0.14166666666666666,
        0.10166666666666668,
        0.06983333333333334,
        0.04666666666666667,
        0.03183333333333333,
        0.020833333333333332,
        0.013833333333333335,
        0.0085,
        0.005
      ],
      "ber_trials": [
        [
          0.25,
          0.244,
          0.2515
        ],
        [
          0.198,
          0.1985,
          0.1905
        ],
        [
          0.1455,
          0.1435,
          0.136
        ],
        [
          0.1105,
          0.1015,
          0.093
        ],
        [
          0.073,
          0.0685,
          0.068
        ],
        [
          0.0505,
          0.047,
          0.0425
        ],
        [
          0.0325,
          0.035,
          0.028
        ],
        [
          0.0195,
          0.024,
          0.019
        ],
        [
          0.013,
          0.0145,
          0.014
        ],
        [
          0.007,
          0.0085,
          0.01
        ],
        [
          0.005,
          0.005,
          0.005
        ]
      ],
      "ci_lower": [
        0.23864138408840738,
        0.18453414456100486,
        0.1292252941825816,
        0.07992750458320155,
        0.06299255148501395,
        0.036704272990983715,
        0.02302135301384798,
        0.013992551485013927,
        0.011936041816534954,
        0.004773793432374506,
        0.005
      ],
      "ci_upper": [
        0.2583586159115927,
        0.20679918877232845,
        0.15410803915075172,
        0.12340582875013181,
        0.07667411518165274,
        0.05662906034234962,
        0.04064531365281868,
        0.027674115181652737,
        0.015730624850131717,
        0.012226206567625495,
        0.005
      ]
    },
    "Hybrid": {
      "ber_mean": [
        0.24549999999999997,
        0.19283333333333333,
        0.14183333333333334,
        0.09800000000000002,
        0.06866666666666667,
        0.04533333333333334,
        0.031,
        0.02033333333333333,
        0.014,
        0.008166666666666668,
        0.004666666666666667
      ],
      "ber_trials": [
        [
          0.246,
          0.2445,
          0.246
        ],
        [
          0.1905,
          0.1955,
          0.1925
        ],
        [
          0.142,
          0.142,
          0.1415
        ],
        [
          0.1035,
          0.0965,
          0.094
        ],
        [
          0.0715,
          0.068,
          0.0665
        ],
        [
          0.0475,
          0.0455,
          0.043
        ],
        [
          0.0305,
          0.0335,
          0.029
        ],
        [
          0.0185,
          0.0235,
          0.019
        ],
        [
          0.0125,
          0.0155,
          0.014
        ],
        [
          0.007,
          0.0085,
          0.009
        ],
        [
          0.005,
          0.005,
          0.004
        ]
      ],
      "ci_lower": [
        0.24334867363512525,
        0.18658172385395755,
        0.14111622454504177,
        0.08576704045844595,
        0.06229286433796554,
        0.039732534651989226,
        0.025308125449604858,
        0.013492551485013927,
        0.010273793432374506,
        0.005581094160395537,
        0.003232449090083513
      ],
      "ci_upper": [
        0.2476513263648747,
        0.1990849428127091,
        0.1425504421216249,
        0.11023295954155408,
        0.0750404689953678,
        0.05093413201467745,
        0.03669187455039514,
        0.027174115181652737,
        0.017726206567625493,
        0.010752239172937798,
        0.006100884243249821
      ]
    },
    "VAE": {
      "ber_mean": [
        0.3326666666666667,
        0.28783333333333333,
        0.24,
        0.19883333333333333,
        0.1625,
        0.13066666666666668,
        0.102,
        0.08566666666666667,
        0.06733333333333334,
        0.055999999999999994,
        0.04666666666666667
      ],