{
  "created": "2026-03-23T18:05:40.625603",
  "snr_range": [
    0,
    2,
    4,
    6,
    8,
    10,
    12,
    14,
    16,
    18,
    20
  ],
  "results": {
    "AF": {
      "ber_mean": [
        0.29116666666666663,
        0.22783333333333333,
        0.154,
        0.09383333333333332,
        0.044333333333333336,
        0.013333333333333334,
        0.0026666666666666666,
        0.0003333333333333333,
        0.0,
        0.0,
        0.0
      ],
      "ber_trials": [
        [
          0.2915,
          0.2955,
          0.2865
        ],
        [
          0.225,
          0.235,
          0.2235
        ],
        [
          0.1505,
          0.165,
          0.1465
        ],
        [
          0.0945,
          0.0965,
          0.0905
        ],
        [
          0.044,
          0.044,
          0.045
        ],
        [
          0.014,
          0.012,
          0.014
        ],
        [
          0.001,
          0.0025,
          0.0045
        ],
        [
          0.0,
          0.0005,
          0.0005
        ],
        [
          0.0,
          0.0,
          0.0
        ],
        [
          0.0,
          0.0,
          0.0
        ],
        [
          0.0,
          0.0,
          0.0
        ]
      ],
      "ci_lower": [
        0.2799650693039784,
        0.21230333295725765,
        0.12981949998042674,
        0.0862441672661398,
        0.04289911575675018,
        0.010464898180167026,
        0.0,
        0.0,
        0.0,
        0.0,
        0.0
      ],
      "ci_upper": [
        0.30236826402935485,
        0.24336333370940902,
        0.17818050001957325,
        0.10142249940052685,
        0.04576755090991649,
        0.01620176848649964,
        0.007028669134234229,
        0.0010504421216249104,
        0.0,
        0.0,
        0.0
      ]
    },
    "DF": {
      "ber_mean": [
        0.2675,
        0.1905,
        0.11216666666666668,
        0.04416666666666667,
        0.010333333333333333,
        0.0011666666666666668,
        0.00016666666666666666,
        0.0,
        0.0,
        0.0,
        0.0
      ],
      "ber_trials": [
        [
          0.27,
          0.269,
          0.2635
        ],
        [
          0.1905,
          0.189,
          0.192
        ],
        [
          0.11,
          0.1085,
          0.118
        ],
        [
          0.0415,
          0.048,
          0.043
        ],
        [
          0.011,
          0.01,
          0.01
        ],
        [
          0.0005,
          0.0005,
          0.0025
        ],
        [
          0.0,
          0.0,
          0.0005
        ],
        [
          0.0,
          0.0,
          0.0
        ],
        [
          0.0,
          0.0,
          0.0
        ],
        [
          0.0,
          0.0,
          0.0
        ],
        [
          0.0,
          0.0,
          0.0
        ]
      ],
      "ci_lower": [
        0.25880551800887386,
        0.1867737934323745,
        0.09947971709402752,
        0.03571207874175531,
        0.00889911575675018,
        0.0,
        0.0,
        0.0,
        0.0,
        0.0,
        0.0
      ],
      "ci_upper": [
        0.2761944819911262,
        0.19422620656762551,
        0.12485361623930584,
        0.05262125459157802,
        0.011767550909916486,
        0.004035101819832975,
        0.0008837754549582437,
        0.0,
        0.0,
        0.0,
        0.0
      ]
    },
    "GenAI (169p)": {
      "ber_mean": [
        0.26316666666666666,
        0.18483333333333332,
        0.11166666666666668,
        0.04700000000000001,
        0.013999999999999999,
        0.0025,
        0.00016666666666666666,
        0.0,
        0.0,
        0.0,
        0.0
      ],
      "ber_trials": [
        [
          0.264,
          0.2645,
          0.261
        ],
        [
          0.184,
          0.1875,
          0.183
        ],
        [
          0.1075,
          0.113,
          0.1145
        ],
        [
          0.0465,
          0.0485,
          0.046
        ],
        [
          0.013,
          0.014,
          0.015
        ],
        [
          0.0025,
          0.0015,
          0.0035
        ],
        [
          0.0,
          0.0,
          0.0005
        ],
        [
          0.0,
          0.0,
          0.0
        ],
        [
          0.0,
          0.0,
          0.0
        ],
        [
          0.0,
          0.0,
          0.0
        ],
        [
          0.0,
          0.0,
          0.0
        ]
      ],
      "ci_lower": [
        0.25846426987220794,
        0.17896354492535677,
        0.10251123454568313,
        0.04371379469613579,
        0.011515862288249669,
        1.586228824966996e-05,
        0.0,
        0.0,
        0.0,
        0.0,
        0.0
      ],
      "ci_upper": [
        0.2678690634611254,
        0.19070312174130988,
        0.12082209878765023,
        0.050286205303864226,
        0.016484137711750328,
        0.00498413771175033,
        0.0008837754549582437,
        0.0,
        0.0,
        0.0,
        0.0
      ]
    },
    "Hybrid": {
      "ber_mean": [
        0.2615,
        0.18466666666666667,
        0.11116666666666668,
        0.04416666666666667,
        0.010333333333333333,
        0.0011666666666666668,
        0.00016666666666666666,
        0.0,
        0.0,
        0.0,
        0.0
      ],
      "ber_trials": [
        [
          0.264,
          0.2615,
          0.259
        ],
        [
          0.1835,
          0.1865,
          0.184
        ],
        [
          0.106,
          0.115,
          0.1125
        ],
        [
          0.0415,
          0.048,
          0.043
        ],
        [
          0.011,
          0.01,
          0.01
        ],
        [
          0.0005,
          0.0005,
          0.0025
        ],
        [
          0.0,
          0.0,
          0.0005
        ],
        [
          0.0,
          0.0,
          0.0
        ],
        [
          0.0,
          0.0,
          0.0
        ],
        [
          0.0,
          0.0,
          0.0
        ],
        [
          0.0,
          0.0,
          0.0
        ]
      ],
      "ci_lower": [
        0.2552896557206242,
        0.1806739739109446,
        0.09962589291923281,
        0.03571207874175531,
        0.00889911575675018,
        0.0,
        0.0,
        0.0,
        0.0,
        0.0,
        0.0
      ],
      "ci_upper": [
        0.26771034427937584,
        0.18865935942238873,
        0.12270744041410055,
        0.05262125459157802,
        0.011767550909916486,
        0.004035101819832975,
        0.0008837754549582437,
        0.0,
        0.0,
        0.0,
        0.0
      ]
    },
    "VAE": {
      "ber_mean": [
        0.3261666666666667,
        0.274,
        0.22183333333333333,
        0.17416666666666666,
        0.13283333333333333,
        0.09783333333333333,
        0.07433333333333333,
        0.057333333333333326,
        0.04650000000000001,
        0.03916666666666666,
        0.035333333333333335
      ],
      "ber_trials": [
        [
          0.329,
          0.3315,
          0.318
        ],
        [
          0.2715,
          0.279,
          0.2715
        ],
        [
          0.219,
          0.2255,
          0.221
        ],
        [
          0.1745,
          0.1735,
          0.1745
        ],
        [
          0.129,
          0.1385,
          0.131
        ],
        [
          0.096,
          0.105,
          0.0925
        ],
        [
          0.0765,
          0.077,
          0.0695
        ],
        [
          0.057,
          0.0615,
          0.0535
        ],
        [
          0.047,
          0.05,
          0.0425
        ],
        [
          0.039,
          0.0435,
          0.035
        ],
        [
          0.0355,
          0.0385,
          0.032
        ]
      ],