{
  "created": "2026-03-23T18:06:07.209573",
  "snr_range": [
    0,
    2,
    4,
    6,
    8,
    10,
    12,
    14,
    16,
    18,
    20
  ],
  "results": {
    "AF": {
      "ber_mean": [
        0.36999999999999994,
        0.32833333333333337,
        0.2743333333333333,
        0.21333333333333335,
        0.16749999999999998,
        0.11983333333333333,
        0.07583333333333332,
        0.04,
        0.016333333333333335,
        0.0045,
        0.0008333333333333334
      ],
      "ber_trials": [
        [
          0.384,
          0.35,
          0.376
        ],
        [
          0.3345,
          0.3115,
          0.339
        ],
        [
          0.281,
          0.2635,
          0.2785
        ],
        [
          0.2135,
          0.208,
          0.2185
        ],
        [
          0.162,
          0.166,
          0.1745
        ],
        [
          0.1185,
          0.119,
          0.122
        ],
        [
          0.071,
          0.077,
          0.0795
        ],
        [
          0.04,
          0.0405,
          0.0395
        ],
        [
          0.014,
          0.018,
          0.017
        ],
        [
          0.002,
          0.005,
          0.0065
        ],
        [
          0.0,
          0.001,
          0.0015
        ]
      ],
      "ci_lower": [
        0.3258410021171551,
        0.2916905477924696,
        0.2508213493610397,
        0.20028668243300266,
        0.15164232640120842,
        0.11513093653887461,
        0.06498150822130223,
        0.03875793114412483,
        0.011162188320791074,
        0.0,
        0.0
      ],
      "ci_upper": [
        0.41415899788284477,
        0.3649761188741971,
        0.2978453173056269,
        0.22637998423366404,
        0.18335767359879154,
        0.12453573012779205,
        0.08668515844536441,
        0.04124206885587517,
        0.021504478345875596,
        0.01019187455039514,
        0.0027306248501317134
      ]
    },
    "DF": {
      "ber_mean": [
        0.3755,
        0.3276666666666667,
        0.276,
        0.21983333333333333,
        0.164,
        0.1065,
        0.05216666666666667,
        0.016,
        0.0029999999999999996,
        0.0,
        0.0
      ],
      "ber_trials": [
        [
          0.386,
          0.3555,
          0.385
        ],
        [
          0.333,
          0.319,
          0.331
        ],
        [
          0.2815,
          0.273,
          0.2735
        ],
        [
          0.2195,
          0.2275,
          0.2125
        ],
        [
          0.162,
          0.168,
          0.162
        ],
        [
          0.1035,
          0.108,
          0.108
        ],
        [
          0.047,
          0.0545,
          0.055
        ],
        [
          0.0135,
          0.0165,
          0.018
        ],
        [
          0.0015,
          0.004,
          0.0035
        ],
        [
          0.0,
          0.0,
          0.0
        ],
        [
          0.0,
          0.0,
          0.0
        ]
      ],
      "ci_lower": [
        0.33245554871618427,
        0.30885707948883184,
        0.26415141827521593,
        0.2011885048377523,
        0.1553946945405011,
        0.1000460209053758,
        0.041034144561004876,
        0.010308125449604862,
        0.0,
        0.0,
        0.0
      ],
      "ci_upper": [
        0.41854445128381573,
        0.3464762538445016,
        0.2878485817247841,
        0.23847816182891435,
        0.17260530545949893,
        0.1129539790946242,
        0.06329918877232846,
        0.02169187455039514,
        0.006286205303864214,
        0.0,
        0.0
      ]
    },
    "GenAI (169p)": {
      "ber_mean": [
        0.38233333333333336,
        0.3425,
        0.297,
        0.2543333333333333,
        0.22516666666666665,
        0.20416666666666664,
        0.19416666666666668,
        0.19133333333333336,
        0.19983333333333334,
        0.20666666666666667,
        0.214
      ],
      "ber_trials": [
        [
          0.3855,
          0.3685,
          0.393
        ],
        [
          0.342,
          0.334,
          0.3515
        ],
        [
          0.302,
          0.289,
          0.3
        ],
        [
          0.2525,
          0.25,
          0.2605
        ],
        [
          0.229,
          0.2185,
          0.228
        ],
        [
          0.2105,
          0.196,
          0.206
        ],
        [
          0.1945,
          0.188,
          0.2
        ],
        [
          0.1895,
          0.1855,
          0.199
        ],
        [
          0.198,
          0.1945,
          0.207
        ],
        [
          0.203,
          0.2045,
          0.2125
        ],
        [
          0.2155,
          0.2085,
          0.218
        ]
      ],
      "ci_lower": [
        0.35114940603196027,
        0.3207371955364283,
        0.27961103601774767,
        0.24070826635579332,
        0.21077080820873714,
        0.18572985689881488,
        0.1792445994114875,
        0.17410778912656377,
        0.18381433642003503,
        0.1939797170940275,
        0.2017670404584459
      ],
      "ci_upper": [
        0.41351726063470645,
        0.36426280446357173,
        0.3143889639822523,
        0.26795840031087326,
        0.23956252512459617,
        0.2226034764345184,
        0.20908873392184588,
        0.20855887754010294,
        0.21585233024663164,
        0.21935361623930583,
        0.2262329595415541
      ]
    },
    "Hybrid": {
      "ber_mean": [
        0.39349999999999996,
        0.3586666666666667,
        0.324,
        0.29916666666666664,
        0.2838333333333333,
        0.27233333333333337,
        0.26500000000000007,
        0.258,
        0.25316666666666665,
        0.25266666666666665,
        0.2528333333333333
      ],
      "ber_trials": [
        [
          0.3965,
          0.382,
          0.402
        ],
        [
          0.3575,
          0.35,
          0.3685
        ],
        [
          0.327,
          0.3175,
          0.3275
        ],
        [
          0.302,
          0.2925,
          0.303
        ],
        [
          0.2915,
          0.2735,
          0.2865
        ],
        [
          0.2775,
          0.2635,
          0.276
        ],
        [
          0.2705,
          0.257,
          0.2675
        ],
        [
          0.2645,
          0.2495,
          0.26
        ],
        [
          0.259,
          0.2435,
          0.257
        ],
        [
          0.2585,
          0.243,
          0.2565
        ],
        [
          0.258,
          0.243,
          0.2575
        ]
      ],
      "ci_lower": [
        0.36783391609053173,
        0.335551724101292,
        0.3100025948680711,
        0.2847708082087371,
        0.26075178583846564,
        0.2532388389671629,
        0.2473906347760704,
        0.23887859301389658,
        0.23222266998143493,
        0.23172266998143493,
        0.2316695102522497
      ],
      "ci_upper": [
        0.4191660839094682,
        0.38178160923204135,
        0.33799740513192894,
        0.31356252512459615,
        0.306914880828201,
        0.2914278276995038,
        0.28260936522392976,
        0.27712140698610344,
        0.2741106633518984,
        0.2736106633518984,
        0.2739971564144169
      ]
    },
    "VAE": {
      "ber_mean": [
        0.4041666666666666,
        0.37283333333333335,
        0.3391666666666666,
        0.305,
        0.273,
        0.25333333333333335,
        0.23383333333333334,
        0.2235,
        0.21933333333333335,
        0.21733333333333335,
        0.21516666666666664
      ],