{
  "created": "2026-03-23T18:05:55.836700",
  "snr_range": [
    0,
    2,
    4,
    6,
    8,
    10,
    12,
    14,
    16,
    18,
    20
  ],
  "results": {
    "AF": {
      "ber_mean": [
        0.27716666666666673,
        0.21516666666666664,
        0.14266666666666666,
        0.08683333333333332,
        0.04016666666666666,
        0.013166666666666667,
        0.0028333333333333335,
        0.00016666666666666666,
        0.0,
        0.0,
        0.0
      ],
      "ber_trials": [
        [
          0.276,
          0.276,
          0.2795
        ],
        [
          0.2105,
          0.2195,
          0.2155
        ],
        [
          0.141,
          0.147,
          0.14
        ],
        [
          0.0885,
          0.0825,
          0.0895
        ],
        [
          0.0375,
          0.038,
          0.045
        ],
        [
          0.011,
          0.012,
          0.0165
        ],
        [
          0.002,
          0.002,
          0.0045
        ],
        [
          0.0,
          0.0005,
          0.0
        ],
        [
          0.0,
          0.0,
          0.0
        ],
        [
          0.0,
          0.0,
          0.0
        ],
        [
          0.0,
          0.0,
          0.0
        ]
      ],
      "ci_lower": [
        0.27214690514862566,
        0.20396506930397842,
        0.13326187307774925,
        0.0774285397444159,
        0.02975005982923165,
        0.005888807333920777,
        0.0,
        0.0,
        0.0,
        0.0,
        0.0
      ],
      "ci_upper": [
        0.2821864281847078,
        0.22636826402935487,
        0.15207146025558407,
        0.09623812692225074,
        0.050583273504101675,
        0.020444525999412558,
        0.0064188772747912175,
        0.0008837754549582437,
        0.0,
        0.0,
        0.0
      ]
    },
    "DF": {
      "ber_mean": [
        0.2595,
        0.18166666666666664,
        0.109,
        0.04516666666666666,
        0.010833333333333334,
        0.0018333333333333333,
        0.0,
        0.0,
        0.0,
        0.0,
        0.0
      ],
      "ber_trials": [
        [
          0.2565,
          0.26,
          0.262
        ],
        [
          0.1765,
          0.1855,
          0.183
        ],
        [
          0.1015,
          0.11,
          0.1155
        ],
        [
          0.036,
          0.048,
          0.0515
        ],
        [
          0.01,
          0.011,
          0.0115
        ],
        [
          0.0015,
          0.001,
          0.003
        ],
        [
          0.0,
          0.0,
          0.0
        ],
        [
          0.0,
          0.0,
          0.0
        ],
        [
          0.0,
          0.0,
          0.0
        ],
        [
          0.0,
          0.0,
          0.0
        ],
        [
          0.0,
          0.0,
          0.0
        ]
      ],
      "ci_lower": [
        0.2525844532880772,
        0.17012589291923277,
        0.09147846258160337,
        0.0249726998375294,
        0.008936041816534955,
        0.0,
        0.0,
        0.0,
        0.0,
        0.0,
        0.0
      ],
      "ci_upper": [
        0.2664155467119228,
        0.1932074404141005,
        0.1265215374183966,
        0.06536063349580393,
        0.012730624850131713,
        0.004418905839604465,
        0.0,
        0.0,
        0.0,
        0.0,
        0.0
      ]
    },
    "GenAI (169p)": {
      "ber_mean": [
        0.24933333333333332,
        0.17600000000000002,
        0.11216666666666668,
        0.04833333333333333,
        0.015333333333333332,
        0.0033333333333333335,
        0.00016666666666666666,
        0.0,
        0.0,
        0.0,
        0.0
      ],
      "ber_trials": [
        [
          0.2485,
          0.2505,
          0.249
        ],
        [
          0.17,
          0.1785,
          0.1795
        ],
        [
          0.1015,
          0.117,
          0.118
        ],
        [
          0.0435,
          0.05,
          0.0515
        ],
        [
          0.015,
          0.013,
          0.018
        ],
        [
          0.003,
          0.0015,
          0.0055
        ],
        [
          0.0,
          0.0,
          0.0005
        ],
        [
          0.0,
          0.0,
          0.0
        ],
        [
          0.0,
          0.0,
          0.0
        ],
        [
          0.0,
          0.0,
          0.0
        ],
        [
          0.0,
          0.0,
          0.0
        ]
      ],
      "ci_lower": [
        0.24674776082706218,
        0.16303242043949148,
        0.08918559555086294,
        0.03776966124020359,
        0.009081723853957559,
        0.0,
        0.0,
        0.0,
        0.0,
        0.0,
        0.0
      ],
      "ci_upper": [
        0.25191890583960447,
        0.18896757956050855,
        0.1351477377824704,
        0.058897005426463075,
        0.021584942812709104,
        0.008353094851374372,
        0.0008837754549582437,
        0.0,
        0.0,
        0.0,
        0.0
      ]
    },
    "Hybrid": {
      "ber_mean": [
        0.2595,
        0.18166666666666664,
        0.109,
        0.04516666666666666,
        0.010833333333333334,
        0.0018333333333333333,
        0.0,
        0.0,
        0.0,
        0.0,
        0.0
      ],
      "ber_trials": [
        [
          0.2565,
          0.26,
          0.262
        ],
        [
          0.1765,
          0.1855,
          0.183
        ],
        [
          0.1015,
          0.11,
          0.1155
        ],
        [
          0.036,
          0.048,
          0.0515
        ],
        [
          0.01,
          0.011,
          0.0115
        ],
        [
          0.0015,
          0.001,
          0.003
        ],
        [
          0.0,
          0.0,
          0.0
        ],
        [
          0.0,
          0.0,
          0.0
        ],
        [
          0.0,
          0.0,
          0.0
        ],
        [
          0.0,
          0.0,
          0.0
        ],
        [
          0.0,
          0.0,
          0.0
        ]
      ],
      "ci_lower": [
        0.2525844532880772,
        0.17012589291923277,
        0.09147846258160337,
        0.0249726998375294,
        0.008936041816534955,
        0.0,
        0.0,
        0.0,
        0.0,
        0.0,
        0.0
      ],
      "ci_upper": [
        0.2664155467119228,
        0.1932074404141005,
        0.1265215374183966,
        0.06536063349580393,
        0.012730624850131713,
        0.004418905839604465,
        0.0,
        0.0,
        0.0,
        0.0,
        0.0
      ]
    },
    "VAE": {
      "ber_mean": [
        0.31633333333333336,
        0.26133333333333336,
        0.207,
        0.15566666666666665,
        0.11083333333333334,
        0.0745,
        0.04800000000000001,
        0.030666666666666665,
        0.022000000000000002,
        0.016666666666666666,
        0.014333333333333332
      ],
      "ber_trials": [
        [
          0.3035,
          0.3255,
          0.32
        ],
        [
          0.254,
          0.265,
          0.265
        ],
        [
          0.2075,
          0.206,
          0.2075
        ],
        [
          0.1555,
          0.1605,
          0.151
        ],
        [
          0.106,
          0.1165,
          0.11
        ],
        [
          0.0745,
          0.0755,
          0.0735
        ],
        [
          0.0455,
          0.0525,
          0.046
        ],
        [
          0.027,
          0.034,
          0.031
        ],
        [
          0.0175,
          0.0255,
          0.023
        ],
        [
          0.01,
          0.0205,
          0.0195
        ],
        [
          0.009,
          0.0185,
          0.0155
        ]
      ],