{
  "created": "2026-03-23T16:31:10.637702",
  "snr_range": [
    0,
    2,
    4,
    6,
    8,
    10,
    12,
    14,
    16,
    18,
    20
  ],
  "results": {
    "AF": {
      "ber_mean": [
        0.17183333333333337,
        0.11333333333333333,
        0.07466666666666667,
        0.0385,
        0.019833333333333335,
        0.010166666666666666,
        0.005166666666666667,
        0.0033333333333333327,
        0.0016666666666666668,
        0.0006666666666666666,
        0.00016666666666666666
      ],
      "ber_trials": [
        [
          0.171,
          0.165,
          0.1795
        ],
        [
          0.108,
          0.112,
          0.12
        ],
        [
          0.0705,
          0.066,
          0.0875
        ],
        [
          0.0375,
          0.033,
          0.045
        ],
        [
          0.019,
          0.016,
          0.0245
        ],
        [
          0.0105,
          0.0105,
          0.0095
        ],
        [
          0.007,
          0.0035,
          0.005
        ],
        [
          0.0045,
          0.0025,
          0.003
        ],
        [
          0.0025,
          0.0015,
          0.001
        ],
        [
          0.0015,
          0.0,
          0.0005
        ],
        [
          0.0005,
          0.0,
          0.0
        ]
      ],
      "ci_lower": [
        0.15373432578943547,
        0.0981550011989463,
        0.04649788861400603,
        0.023440715445876885,
        0.009124615474661453,
        0.00873244909008351,
        0.0008046641990991036,
        0.0007477608270622022,
        0.0,
        0.0,
        0.0
      ],
      "ci_upper": [
        0.18993234087723126,
        0.12851166546772036,
        0.10283544471932732,
        0.053559284554123114,
        0.030542051192005218,
        0.011600884243249822,
        0.00952866913423423,
        0.005918905839604463,
        0.003563958183465047,
        0.002563958183465047,
        0.0008837754549582437
      ]
    },
    "DF": {
      "ber_mean": [
        0.13416666666666666,
        0.08366666666666667,
        0.04533333333333334,
        0.023000000000000003,
        0.010833333333333334,
        0.005666666666666667,
        0.0036666666666666666,
        0.002166666666666667,
        0.0013333333333333333,
        0.0003333333333333333,
        0.0
      ],
      "ber_trials": [
        [
          0.124,
          0.132,
          0.1465
        ],
        [
          0.0785,
          0.0765,
          0.096
        ],
        [
          0.0435,
          0.045,
          0.0475
        ],
        [
          0.019,
          0.02,
          0.03
        ],
        [
          0.01,
          0.0105,
          0.012
        ],
        [
          0.0065,
          0.005,
          0.0055
        ],
        [
          0.0035,
          0.0035,
          0.004
        ],
        [
          0.0025,
          0.002,
          0.002
        ],
        [
          0.002,
          0.0015,
          0.0005
        ],
        [
          0.0005,
          0.0005,
          0.0
        ],
        [
          0.0,
          0.0,
          0.0
        ]
      ],
      "ci_lower": [
        0.10583406235226475,
        0.05701760730855114,
        0.04031357181529229,
        0.007889580206864338,
        0.008247760827062203,
        0.0037693751498682876,
        0.0029495578783750895,
        0.0014495578783750899,
        0.0,
        0.0,
        0.0
      ],
      "ci_upper": [
        0.16249927098106856,
        0.11031572602478219,
        0.05035309485137438,
        0.03811041979313567,
        0.013418905839604464,
        0.007563958183465046,
        0.004383775454958243,
        0.002883775454958244,
        0.0032306248501317134,
        0.0010504421216249104,
        0.0
      ]
    },
    "GenAI (169p)": {
      "ber_mean": [
        0.13949999999999999,
        0.08716666666666667,
        0.047999999999999994,
        0.024833333333333332,
        0.012666666666666666,
        0.005666666666666666,
        0.003833333333333333,
        0.0025,
        0.0011666666666666668,
        0.00016666666666666666,
        0.0
      ],
      "ber_trials": [
        [
          0.136,
          0.1355,
          0.147
        ],
        [
          0.0835,
          0.083,
          0.095
        ],
        [
          0.0465,
          0.0445,
          0.053
        ],
        [
          0.023,
          0.022,
          0.0295
        ],
        [
          0.012,
          0.013,
          0.013
        ],
        [
          0.0065,
          0.004,
          0.0065
        ],
        [
          0.004,
          0.0035,
          0.004
        ],
        [
          0.003,
          0.002,
          0.0025
        ],
        [
          0.002,
          0.001,
          0.0005
        ],
        [
          0.0005,
          0.0,
          0.0
        ],
        [
          0.0,
          0.0,
          0.0
        ]
      ],
      "ci_lower": [
        0.12335310487362286,
        0.07030317079903908,
        0.03696025052928879,
        0.014717268988205938,
        0.011232449090083514,
        0.002081122725208782,
        0.003116224545041756,
        0.001257931144124835,
        0.0,
        0.0,
        0.0
      ],
      "ci_upper": [
        0.1556468951263771,
        0.10403016253429426,
        0.059039749470711195,
        0.034949397678460725,
        0.014100884243249819,
        0.009252210608124551,
        0.00455044212162491,
        0.0037420688558751653,
        0.003063958183465047,
        0.0008837754549582437,
        0.0
      ]
    },
    "Hybrid": {
      "ber_mean": [
        0.13816666666666666,
        0.08366666666666667,
        0.04533333333333334,
        0.023000000000000003,
        0.010833333333333334,
        0.005666666666666667,
        0.0036666666666666666,
        0.002166666666666667,
        0.0013333333333333333,
        0.0003333333333333333,
        0.0
      ],
      "ber_trials": [
        [
          0.136,
          0.132,
          0.1465
        ],
        [
          0.0785,
          0.0765,
          0.096
        ],
        [
          0.0435,
          0.045,
          0.0475
        ],
        [
          0.019,
          0.02,
          0.03
        ],
        [
          0.01,
          0.0105,
          0.012
        ],
        [
          0.0065,
          0.005,
          0.0055
        ],
        [
          0.0035,
          0.0035,
          0.004
        ],
        [
          0.0025,
          0.002,
          0.002
        ],
        [
          0.002,
          0.0015,
          0.0005
        ],
        [
          0.0005,
          0.0005,
          0.0
        ],
        [
          0.0,
          0.0,
          0.0
        ]
      ],
      "ci_lower": [
        0.1195632558345936,
        0.05701760730855114,
        0.04031357181529229,
        0.007889580206864338,
        0.008247760827062203,
        0.0037693751498682876,
        0.0029495578783750895,
        0.0014495578783750899,
        0.0,
        0.0,
        0.0
      ],
      "ci_upper": [
        0.15677007749873972,
        0.11031572602478219,
        0.05035309485137438,
        0.03811041979313567,
        0.013418905839604464,
        0.007563958183465046,
        0.004383775454958243,
        0.002883775454958244,
        0.0032306248501317134,
        0.0010504421216249104,
        0.0
      ]
    },
    "VAE": {
      "ber_mean": [
        0.3471666666666666,
        0.32716666666666666,
        0.31516666666666665,
        0.30150000000000005,
        0.29,
        0.2836666666666667,
        0.2775,
        0.273,
        0.2711666666666667,
        0.26683333333333337,
        0.26633333333333337
      ],