{
  "created": "2026-03-23T16:30:57.636876",
  "snr_range": [
    0,
    2,
    4,
    6,
    8,
    10,
    12,
    14,
    16,
    18,
    20
  ],
  "results": {
    "AF": {
      "ber_mean": [
        0.33049999999999996,
        0.26866666666666666,
        0.205,
        0.142,
        0.09166666666666667,
        0.058166666666666665,
        0.03733333333333333,
        0.02266666666666667,
        0.014666666666666666,
        0.009166666666666668,
        0.005333333333333333
      ],
      "ber_trials": [
        [
          0.3355,
          0.31,
          0.346
        ],
        [
          0.2795,
          0.247,
          0.2795
        ],
        [
          0.2195,
          0.1885,
          0.207
        ],
        [
          0.1565,
          0.13,
          0.1395
        ],
        [
          0.11,
          0.082,
          0.083
        ],
        [
          0.0685,
          0.054,
          0.052
        ],
        [
          0.0365,
          0.0395,
          0.036
        ],
        [
          0.0205,
          0.0265,
          0.021
        ],
        [
          0.0135,
          0.016,
          0.0145
        ],
        [
          0.008,
          0.009,
          0.0105
        ],
        [
          0.0055,
          0.006,
          0.0045
        ]
      ],
      "ci_lower": [
        0.2845098951556996,
        0.2220545954277141,
        0.16625621086443407,
        0.10864865871045117,
        0.052206130644789045,
        0.03579792957982158,
        0.03263093653887461,
        0.01439656467850553,
        0.011540861926978778,
        0.00604086192697878,
        0.003436041816534953
      ],
      "ci_upper": [
        0.37649010484430034,
        0.3152787379056192,
        0.2437437891355659,
        0.17535134128954882,
        0.1311272026885443,
        0.08053540375351176,
        0.04203573012779205,
        0.030936768654827806,
        0.017792471406354555,
        0.012292471406354557,
        0.007230624850131713
      ]
    },
    "DF": {
      "ber_mean": [
        0.24516666666666667,
        0.18883333333333333,
        0.1391666666666667,
        0.09866666666666668,
        0.06833333333333334,
        0.04416666666666667,
        0.030833333333333334,
        0.02033333333333333,
        0.014,
        0.008166666666666668,
        0.004666666666666667
      ],
      "ber_trials": [
        [
          0.2495,
          0.2425,
          0.2435
        ],
        [
          0.187,
          0.1915,
          0.188
        ],
        [
          0.1415,
          0.1405,
          0.1355
        ],
        [
          0.0995,
          0.099,
          0.0975
        ],
        [
          0.0685,
          0.0665,
          0.07
        ],
        [
          0.0465,
          0.0455,
          0.0405
        ],
        [
          0.03,
          0.0335,
          0.029
        ],
        [
          0.0185,
          0.0235,
          0.019
        ],
        [
          0.0125,
          0.0155,
          0.014
        ],
        [
          0.007,
          0.0085,
          0.009
        ],
        [
          0.005,
          0.005,
          0.004
        ]
      ],
      "ci_lower": [
        0.23576187307774923,
        0.18296354492535677,
        0.1311812811552226,
        0.09608109416039555,
        0.06397133086576577,
        0.036181281155222546,
        0.024963544925356778,
        0.013492551485013927,
        0.010273793432374506,
        0.005581094160395537,
        0.003232449090083513
      ],
      "ci_upper": [
        0.25457146025558414,
        0.19470312174130988,
        0.14715205217811078,
        0.10125223917293781,
        0.07269533580090091,
        0.05215205217811079,
        0.036703121741309894,
        0.027174115181652737,
        0.017726206567625493,
        0.010752239172937798,
        0.006100884243249821
      ]
    },
    "GenAI (169p)": {
      "ber_mean": [
        0.24733333333333332,
        0.19200000000000003,
        0.141,
        0.09999999999999999,
        0.07016666666666667,
        0.04516666666666667,
        0.03166666666666667,
        0.020833333333333332,
        0.014166666666666668,
        0.008333333333333333,
        0.004666666666666667
      ],
      "ber_trials": [
        [
          0.244,
          0.245,
          0.253
        ],
        [
          0.187,
          0.195,
          0.194
        ],
        [
          0.142,
          0.141,
          0.14
        ],
        [
          0.104,
          0.102,
          0.094
        ],
        [
          0.071,
          0.0685,
          0.071
        ],
        [
          0.0475,
          0.045,
          0.043
        ],
        [
          0.031,
          0.0345,
          0.0295
        ],
        [
          0.0185,
          0.0245,
          0.0195
        ],
        [
          0.0125,
          0.0155,
          0.0145
        ],
        [
          0.0075,
          0.008,
          0.0095
        ],
        [
          0.005,
          0.005,
          0.004
        ]
      ],
      "ci_lower": [
        0.2350793729874066,
        0.18117189475264195,
        0.1385158622882497,
        0.08685517878454314,
        0.0665811227252088,
        0.03956586798532256,
        0.025292864337965522,
        0.012847947821889206,
        0.01037208363306991,
        0.005747760827062202,
        0.003232449090083513
      ],
      "ci_upper": [
        0.25958729367926003,
        0.20282810524735811,
        0.14348413771175028,
        0.11314482121545684,
        0.07375221060812454,
        0.05076746534801078,
        0.03804046899536782,
        0.028818718844777456,
        0.017961249700263426,
        0.010918905839604465,
        0.006100884243249821
      ]
    },
    "Hybrid": {
      "ber_mean": [
        0.25,
        0.19233333333333333,
        0.14116666666666666,
        0.09766666666666668,
        0.06916666666666667,
        0.04516666666666667,
        0.0315,
        0.02033333333333333,
        0.014,
        0.008166666666666668,
        0.004666666666666667
      ],
      "ber_trials": [
        [
          0.2495,
          0.249,
          0.2515
        ],
        [
          0.1935,
          0.194,
          0.1895
        ],
        [
          0.1455,
          0.139,
          0.139
        ],
        [
          0.103,
          0.0945,
          0.0955
        ],
        [
          0.072,
          0.067,
          0.0685
        ],
        [
          0.0475,
          0.0455,
          0.0425
        ],
        [
          0.032,
          0.0335,
          0.029
        ],
        [
          0.0185,
          0.0235,
          0.019
        ],
        [
          0.0125,
          0.0155,
          0.014
        ],
        [
          0.007,
          0.0085,
          0.009
        ],
        [
          0.005,
          0.005,
          0.004
        ]
      ],
      "ci_lower": [
        0.24671379469613577,
        0.18620635316036996,
        0.1318442524188762,
        0.08612589291923282,
        0.06279286433796553,
        0.038915057187290894,
        0.02580812544960486,
        0.013492551485013927,
        0.010273793432374506,
        0.005581094160395537,
        0.003232449090083513
      ],
      "ci_upper": [
        0.2532862053038642,
        0.1984603135062967,
        0.15048908091445712,
        0.10920744041410053,
        0.0755404689953678,
        0.05141827614604244,
        0.03719187455039514,
        0.027174115181652737,
        0.017726206567625493,
        0.010752239172937798,
        0.006100884243249821
      ]
    },
    "VAE": {
      "ber_mean": [
        0.39516666666666667,
        0.36866666666666664,
        0.347,
        0.32516666666666666,
        0.3043333333333333,
        0.2866666666666666,
        0.27849999999999997,
        0.2678333333333333,
        0.2621666666666667,
        0.2563333333333333,
        0.25033333333333335
      ],