{
  "created": "2026-03-23T16:25:54.903349",
  "snr_range": [
    0.0,
    2.0,
    4.0,
    6.0,
    8.0,
    10.0,
    12.0,
    14.0,
    16.0,
    18.0,
    20.0
  ],
  "results": {
    "AWGN_theoretical": {
      "ber_mean": [
        0.07864960352514258,
        0.037506128358925986,
        0.012500818040737566,
        0.002388290780932807,
        0.00019090777407599314,
        3.87210821552205e-06,
        9.006010350628787e-09,
        6.810189128780772e-13,
        2.267395844454434e-19,
        1.3960143109067526e-29,
        1.0442437918812723e-45
      ]
    },
    "AWGN_simulated": {
      "ber_mean": [
        0.15552,
        0.10056000000000001,
        0.05428000000000001,
        0.02204,
        0.005120000000000001,
        0.0007199999999999999,
        8e-05,
        0.0,
        0.0,
        0.0,
        0.0
      ]
    },
    "Rayleigh_theoretical": {
      "ber_mean": [
        0.1464466094067262,
        0.10848473204958436,
        0.07713691605639106,
        0.052998883925638784,
        0.03545906762783807,
        0.023268705377203824,
        0.015064680370352801,
        0.009665038948438509,
        0.006163834746364505,
        0.00391574864793115,
        0.0024814048950054235
      ]
    },
    "Rayleigh_simulated": {
      "ber_mean": [
        0.14944000000000002,
        0.11091999999999999,
        0.07808000000000001,
        0.05448000000000001,
        0.03643999999999999,
        0.02464,
        0.015480000000000002,
        0.01048,
        0.00648,
        0.00476,
        0.0030800000000000003
      ]
    },
    "Rician_theoretical": {
      "ber_mean": [
        1e-10,
        1e-10,
        1e-10,
        1e-10,
        1e-10,
        1e-10,
        1e-10,
        1e-10,
        1e-10,
        1e-10,
        1e-10
      ]
    },
    "Rician_simulated": {
      "ber_mean": [
        0.11648,
        0.07483999999999999,
        0.04359999999999999,
        0.02384,
        0.0132,
        0.00744,
        0.00392,
        0.00244,
        0.00152,
        0.0008,
        0.00032
      ]
    },
    "TwoHop_DF_theoretical": {
      "ber_mean": [
        0.1449276867809609,
        0.07219883738889951,
        0.024689095178099873,
        0.004765173696157037,
        0.000381742656595581,
        7.744186444600035e-06,
        1.801202053904113e-08,
        1.3620378257552269e-12,
        4.534791688908868e-19,
        2.792028621813505e-29,
        2.0884875837625446e-45
      ]
    },
    "TwoHop_AF_theoretical": {
      "ber_mean": [
        0.20710808912126266,
        0.13618187017425942,
        0.07389613115618979,
        0.030009455888981414,
        0.007804978816788594,
        0.0010141155742260412,
        4.4325516515668845e-05,
        3.4755785057519626e-07,
        1.8015287455272416e-10,
        1.2664824268870837e-15,
        9.795855688384153e-24
      ]
    }
  },
  "meta": {
    "experiment": "7.1",
    "bits": 5000,
    "trials": 5
  }
}