{
  "created": "2026-03-23T18:15:32.552825",
  "snr_range": [
    0,
    2,
    4,
    6,
    8,
    10,
    12,
    14,
    16,
    18,
    20
  ],
  "results": {
    "AF": {
      "ber_mean": [
        0.4036666666666667,
        0.35883333333333334,
        0.311,
        0.24883333333333335,
        0.18733333333333335,
        0.13083333333333333,
        0.08666666666666667,
        0.055333333333333325,
        0.035,
        0.020833333333333332,
        0.013
      ]
    },
    "DF": {
      "ber_mean": [
        0.33016666666666666,
        0.2753333333333333,
        0.2145,
        0.16616666666666666,
        0.12416666666666666,
        0.08616666666666666,
        0.058166666666666665,
        0.03716666666666666,
        0.024333333333333332,
        0.017,
        0.011833333333333335
      ]
    },
    "Transformer Baseline": {
      "ber_mean": [
        0.41850000000000004,
        0.37166666666666665,
        0.314,
        0.24183333333333334,
        0.17033333333333334,
        0.1105,
        0.07216666666666667,
        0.044833333333333336,
        0.0295,
        0.018166666666666668,
        0.013666666666666666
      ]
    },
    "Mamba S6 Baseline": {
      "ber_mean": [
        0.4111666666666667,
        0.36599999999999994,
        0.30483333333333335,
        0.23533333333333337,
        0.1625,
        0.1065,
        0.06833333333333334,
        0.043333333333333335,
        0.027833333333333335,
        0.017333333333333336,
        0.012166666666666668
      ]
    },
    "Mamba2 (SSD) Baseline": {
      "ber_mean": [
        0.4126666666666667,
        0.36566666666666664,
        0.30566666666666664,
        0.2353333333333333,
        0.1655,
        0.10833333333333332,
        0.06933333333333334,
        0.043333333333333335,
        0.028333333333333335,
        0.017333333333333336,
        0.012333333333333335
      ]
    },
    "Transformer +InputLN": {
      "ber_mean": [
        0.4103333333333334,
        0.36366666666666664,
        0.30466666666666664,
        0.23466666666666666,
        0.1645,
        0.107,
        0.06883333333333334,
        0.043500000000000004,
        0.027333333333333334,
        0.017333333333333336,
        0.012333333333333335
      ]
    },
    "Mamba S6 +InputLN": {
      "ber_mean": [
        0.40700000000000003,
        0.3635,
        0.306,
        0.235,
        0.16433333333333333,
        0.1075,
        0.07050000000000001,
        0.044000000000000004,
        0.028333333333333332,
        0.017499999999999998,
        0.012500000000000002
      ]
    },
    "Mamba2 (SSD) +InputLN": {
      "ber_mean": [
        0.408,
        0.3641666666666667,
        0.30366666666666664,
        0.23433333333333337,
        0.16216666666666668,
        0.1055,
        0.06833333333333334,
        0.043166666666666666,
        0.028333333333333332,
        0.017166666666666667,
        0.012333333333333335
      ]
    },
    "Transformer +LN+Scaled": {
      "ber_mean": [
        0.40816666666666673,
        0.3615,
        0.3025,
        0.23416666666666666,
        0.163,
        0.106,
        0.0685,
        0.043000000000000003,
        0.028333333333333332,
        0.017666666666666667,
        0.012499999999999999
      ]
    },
    "Mamba S6 +LN+Scaled": {
      "ber_mean": [
        0.4088333333333334,
        0.363,
        0.305,
        0.23316666666666666,
        0.164,
        0.1065,
        0.07,
        0.043500000000000004,
        0.02766666666666667,
        0.0175,
        0.012500000000000002
      ]
    },
    "Mamba2 (SSD) +LN+Scaled": {
      "ber_mean": [
        0.4093333333333333,
        0.3645,
        0.3055,
        0.23550000000000001,
        0.1625,
        0.10716666666666667,
        0.06916666666666667,
        0.043166666666666666,
        0.02766666666666667,
        0.017833333333333333,
        0.012500000000000002
      ]
    }
  },
  "meta": {
    "experiment": "7.12",
    "modulation": "qpsk",
    "channel": "rayleigh"
  }
}