{
  "created": "2026-03-23T18:11:36.284776",
  "snr_range": [
    0,
    2,
    4,
    6,
    8,
    10,
    12,
    14,
    16,
    18,
    20
  ],
  "results": {
    "AF (tanh)": {
      "ber_mean": [
        0.449,
        0.4195,
        0.3893333333333333,
        0.3431666666666667,
        0.2913333333333334,
        0.23783333333333334,
        0.18766666666666665,
        0.138,
        0.102,
        0.07033333333333334,
        0.04650000000000001
      ]
    },
    "DF (tanh)": {
      "ber_mean": [
        0.413,
        0.3815,
        0.3471666666666667,
        0.3035,
        0.25433333333333336,
        0.20616666666666664,
        0.1575,
        0.11566666666666665,
        0.08166666666666667,
        0.056499999999999995,
        0.03933333333333333
      ]
    },
    "GenAI (169p) (tanh)": {
      "ber_mean": [
        0.42366666666666664,
        0.3960000000000001,
        0.36566666666666664,
        0.33033333333333337,
        0.29716666666666663,
        0.2678333333333333,
        0.24450000000000002,
        0.23033333333333336,
        0.22266666666666668,
        0.21816666666666665,
        0.22066666666666668
      ]
    },
    "Hybrid (tanh)": {
      "ber_mean": [
        0.42316666666666664,
        0.3958333333333333,
        0.3605,
        0.3521666666666667,
        0.31883333333333336,
        0.2926666666666667,
        0.296,
        0.2806666666666667,
        0.27133333333333337,
        0.265,
        0.2618333333333333
      ]
    },
    "VAE (tanh)": {
      "ber_mean": [
        0.442,
        0.423,
        0.4041666666666666,
        0.38083333333333336,
        0.35133333333333333,
        0.3266666666666667,
        0.30316666666666664,
        0.2748333333333333,
        0.2545,
        0.23983333333333334,
        0.22733333333333336
      ]
    },
    "CGAN (WGAN-GP) (tanh)": {
      "ber_mean": [
        0.43050000000000005,
        0.40233333333333327,
        0.37433333333333335,
        0.3426666666666667,
        0.31216666666666665,
        0.2903333333333333,
        0.27166666666666667,
        0.2611666666666667,
        0.25216666666666665,
        0.24716666666666667,
        0.245
      ]
    },
    "Transformer (tanh)": {
      "ber_mean": [
        0.45083333333333336,
        0.4195,
        0.3835,
        0.3376666666666666,
        0.2953333333333334,
        0.25566666666666665,
        0.22916666666666666,
        0.21083333333333332,
        0.20133333333333334,
        0.19999999999999998,
        0.20299999999999999
      ]
    },
    "Mamba S6 (tanh)": {
      "ber_mean": [
        0.44716666666666666,
        0.4175,
        0.3828333333333333,
        0.3415000000000001,
        0.3053333333333333,
        0.27016666666666667,
        0.24516666666666667,
        0.23616666666666664,
        0.23399999999999999,
        0.2316666666666667,
        0.2326666666666667
      ]
    },
    "Mamba2 (SSD) (tanh)": {
      "ber_mean": [
        0.4463333333333333,
        0.42283333333333334,
        0.3833333333333333,
        0.3455000000000001,
        0.3125,
        0.27899999999999997,
        0.254,
        0.24716666666666667,
        0.24050000000000002,
        0.23749999999999996,
        0.23883333333333331
      ]
    },
    "AF (linear)": {
      "ber_mean": [
        0.449,
        0.4195,
        0.3893333333333333,
        0.3431666666666667,
        0.2913333333333334,
        0.23783333333333334,
        0.18766666666666665,
        0.138,
        0.102,
        0.07033333333333334,
        0.04650000000000001
      ]
    },
    "DF (linear)": {
      "ber_mean": [
        0.413,
        0.3815,
        0.3471666666666667,
        0.3035,
        0.25433333333333336,
        0.20616666666666664,
        0.1575,
        0.11566666666666665,
        0.08166666666666667,
        0.056499999999999995,
        0.03933333333333333
      ]
    },
    "GenAI (169p) (linear)": {
      "ber_mean": [
        0.4443333333333333,
        0.41416666666666674,
        0.37666666666666665,
        0.3316666666666667,
        0.2841666666666667,
        0.23700000000000002,
        0.1955,
        0.15966666666666665,
        0.12833333333333333,
        0.10766666666666667,
        0.09549999999999999
      ]
    },
    "Hybrid (linear)": {
      "ber_mean": [
        0.444,
        0.4111666666666667,
        0.3746666666666667,
        0.35966666666666663,
        0.32416666666666666,
        0.29150000000000004,
        0.296,
        0.2806666666666667,
        0.27133333333333337,
        0.265,
        0.2618333333333333
      ]
    },
    "VAE (linear)": {
      "ber_mean": [
        0.49216666666666664,
        0.48183333333333334,
        0.48066666666666663,
        0.4791666666666667,
        0.48166666666666663,
        0.482,
        0.48783333333333334,
        0.4908333333333333,
        0.4955,
        0.5015,
        0.5048333333333334
      ]
    },
    "CGAN (WGAN-GP) (linear)": {
      "ber_mean": [
        0.44,
        0.4106666666666667,
        0.3761666666666666,
        0.33433333333333337,
        0.28833333333333333,
        0.24166666666666667,
        0.20450000000000002,
        0.1735,
        0.14716666666666667,
        0.129,
        0.11933333333333333
      ]
    },
    "Transformer (linear)": {
      "ber_mean": [
        0.457,
        0.42816666666666664,
        0.3861666666666666,
        0.33949999999999997,
        0.2886666666666667,
        0.23683333333333334,
        0.19033333333333333,
        0.1525,
        0.123,
        0.10183333333333333,
        0.0835
      ]
    },
    "Mamba S6 (linear)": {
      "ber_mean": [
        0.45050000000000007,
        0.4196666666666667,
        0.38166666666666665,
        0.3378333333333334,
        0.28583333333333333,
        0.23516666666666666,
        0.19633333333333333,
        0.16216666666666668,
        0.13616666666666666,
        0.12116666666666666,
        0.10666666666666667
      ]
    },
    "Mamba2 (SSD) (linear)": {
      "ber_mean": [
        0.45199999999999996,
        0.4188333333333334,
        0.3818333333333333,
        0.3288333333333333,
        0.2778333333333333,
        0.229,
        0.18566666666666665,
        0.147,
        0.11766666666666666,
        0.09616666666666666,
        0.0755
      ]
    },
    "AF (hardtanh)": {
      "ber_mean": [
        0.449,
        0.4195,
        0.3893333333333333,
        0.3431666666666667,
        0.2913333333333334,
        0.23783333333333334,
        0.18766666666666665,
        0.138,
        0.102,
        0.07033333333333334,
        0.04650000000000001
      ]
    },
    "DF (hardtanh)": {
      "ber_mean": [
        0.413,
        0.3815,
        0.3471666666666667,
        0.3035,
        0.25433333333333336,
        0.20616666666666664,
        0.1575,
        0.11566666666666665,
        0.08166666666666667,
        0.056499999999999995,
        0.03933333333333333
      ]
    },
    "GenAI (169p) (hardtanh)": {
      "ber_mean": [
        0.42483333333333334,
        0.39333333333333337,
        0.36566666666666664,
        0.32866666666666666,
        0.297,
        0.26433333333333336,
        0.24083333333333332,
        0.227,
        0.217,
        0.20766666666666667,
        0.20550000000000002
      ]
    },
    "Hybrid (hardtanh)": {
      "ber_mean": [
        0.4263333333333333,
        0.393,
        0.36366666666666664,
        0.35133333333333333,
        0.31983333333333336,
        0.2936666666666667,
        0.296,
        0.2806666666666667,
        0.27133333333333337,
        0.265,
        0.2618333333333333
      ]
    },
    "VAE (hardtanh)": {
      "ber_mean": [
        0.49300000000000005,
        0.4795,
        0.4825,
        0.4796666666666667,
        0.48299999999999993,
        0.4838333333333333,
        0.48733333333333334,
        0.48950000000000005,
        0.4961666666666667,
        0.5016666666666666,
        0.5035
      ]
    },