{
  "created": "2026-03-23T18:08:53.603382",
  "snr_range": [
    0,
    2,
    4,
    6,
    8,
    10,
    12,
    14,
    16,
    18,
    20
  ],
  "results": {
    "AF (tanh)": {
      "ber_mean": [
        0.36999999999999994,
        0.32833333333333337,
        0.2743333333333333,
        0.21333333333333335,
        0.16749999999999998,
        0.11983333333333333,
        0.07583333333333332,
        0.04,
        0.016333333333333335,
        0.0045,
        0.0008333333333333334
      ]
    },
    "DF (tanh)": {
      "ber_mean": [
        0.3755,
        0.3276666666666667,
        0.276,
        0.21983333333333333,
        0.164,
        0.1065,
        0.05216666666666667,
        0.016,
        0.0029999999999999996,
        0.0,
        0.0
      ]
    },
    "GenAI (169p) (tanh)": {
      "ber_mean": [
        0.38033333333333336,
        0.3403333333333334,
        0.2913333333333333,
        0.253,
        0.22466666666666668,
        0.20299999999999999,
        0.19299999999999998,
        0.19116666666666668,
        0.1955,
        0.20333333333333334,
        0.20766666666666667
      ]
    },
    "Hybrid (tanh)": {
      "ber_mean": [
        0.39349999999999996,
        0.3586666666666667,
        0.324,
        0.29916666666666664,
        0.2838333333333333,
        0.27233333333333337,
        0.26500000000000007,
        0.258,
        0.25316666666666665,
        0.25266666666666665,
        0.2528333333333333
      ]
    },
    "VAE (tanh)": {
      "ber_mean": [
        0.4688333333333334,
        0.46,
        0.4633333333333333,
        0.46849999999999997,
        0.476,
        0.4841666666666667,
        0.4916666666666667,
        0.49866666666666665,
        0.501,
        0.5036666666666667,
        0.5036666666666667
      ]
    },
    "CGAN (WGAN-GP) (tanh)": {
      "ber_mean": [
        0.3841666666666667,
        0.3443333333333334,
        0.3063333333333333,
        0.2765,
        0.25333333333333335,
        0.23850000000000002,
        0.2275,
        0.2305,
        0.23316666666666666,
        0.23933333333333331,
        0.24349999999999997
      ]
    },
    "Transformer (tanh)": {
      "ber_mean": [
        0.3785,
        0.3358333333333334,
        0.29116666666666663,
        0.24483333333333332,
        0.21116666666666664,
        0.18516666666666667,
        0.17200000000000001,
        0.16516666666666668,
        0.168,
        0.17133333333333334,
        0.17766666666666664
      ]
    },
    "Mamba S6 (tanh)": {
      "ber_mean": [
        0.3826666666666667,
        0.3408333333333333,
        0.3008333333333333,
        0.26466666666666666,
        0.24116666666666667,
        0.2225,
        0.21466666666666667,
        0.2175,
        0.22666666666666668,
        0.23716666666666666,
        0.24549999999999997
      ]
    },
    "Mamba2 (SSD) (tanh)": {
      "ber_mean": [
        0.38400000000000006,
        0.3383333333333334,
        0.29916666666666664,
        0.25716666666666665,
        0.2353333333333333,
        0.21633333333333335,
        0.20633333333333334,
        0.20916666666666664,
        0.2155,
        0.22683333333333333,
        0.23850000000000002
      ]
    },
    "AF (linear)": {
      "ber_mean": [
        0.36999999999999994,
        0.32833333333333337,
        0.2743333333333333,
        0.21333333333333335,
        0.16749999999999998,
        0.11983333333333333,
        0.07583333333333332,
        0.04,
        0.016333333333333335,
        0.0045,
        0.0008333333333333334
      ]
    },
    "DF (linear)": {
      "ber_mean": [
        0.3755,
        0.3276666666666667,
        0.276,
        0.21983333333333333,
        0.164,
        0.1065,
        0.05216666666666667,
        0.016,
        0.0029999999999999996,
        0.0,
        0.0
      ]
    },
    "GenAI (169p) (linear)": {
      "ber_mean": [
        0.3761666666666667,
        0.3333333333333333,
        0.2801666666666667,
        0.23216666666666666,
        0.19066666666666668,
        0.15566666666666665,
        0.13083333333333333,
        0.11599999999999999,
        0.1055,
        0.09966666666666667,
        0.09366666666666668
      ]
    },
    "Hybrid (linear)": {
      "ber_mean": [
        0.39349999999999996,
        0.3586666666666667,
        0.324,
        0.29916666666666664,
        0.2838333333333333,
        0.27233333333333337,
        0.26500000000000007,
        0.258,
        0.25316666666666665,
        0.25266666666666665,
        0.2528333333333333
      ]
    },
    "VAE (linear)": {
      "ber_mean": [
        0.4131666666666667,
        0.3861666666666667,
        0.3521666666666667,
        0.318,
        0.2896666666666667,
        0.26366666666666666,
        0.24266666666666667,
        0.22816666666666666,
        0.2125,
        0.20350000000000001,
        0.19833333333333333
      ]
    },
    "CGAN (WGAN-GP) (linear)": {
      "ber_mean": [
        0.38033333333333336,
        0.3315,
        0.286,
        0.2373333333333333,
        0.19183333333333333,
        0.16216666666666668,
        0.14083333333333334,
        0.125,
        0.11616666666666665,
        0.11133333333333334,
        0.10933333333333334
      ]
    },
    "Transformer (linear)": {
      "ber_mean": [
        0.3715,
        0.3326666666666667,
        0.28099999999999997,
        0.22933333333333336,
        0.18333333333333335,
        0.1443333333333333,
        0.11583333333333334,
        0.09183333333333332,
        0.07416666666666667,
        0.053,
        0.03833333333333333
      ]
    },
    "Mamba S6 (linear)": {
      "ber_mean": [
        0.377,
        0.3376666666666666,
        0.2823333333333333,
        0.2325,
        0.18916666666666668,
        0.1525,
        0.12633333333333333,
        0.1075,
        0.09649999999999999,
        0.08600000000000001,
        0.079
      ]
    },
    "Mamba2 (SSD) (linear)": {
      "ber_mean": [
        0.37650000000000006,
        0.33816666666666667,
        0.2825,
        0.23216666666666666,
        0.18816666666666668,
        0.148,
        0.11633333333333333,
        0.09166666666666667,
        0.07366666666666667,
        0.05833333333333333,
        0.04933333333333333
      ]
    },
    "AF (hardtanh)": {
      "ber_mean": [
        0.36999999999999994,
        0.32833333333333337,
        0.2743333333333333,
        0.21333333333333335,
        0.16749999999999998,
        0.11983333333333333,
        0.07583333333333332,
        0.04,
        0.016333333333333335,
        0.0045,
        0.0008333333333333334
      ]
    },
    "DF (hardtanh)": {
      "ber_mean": [
        0.3755,
        0.3276666666666667,
        0.276,
        0.21983333333333333,
        0.164,
        0.1065,
        0.05216666666666667,
        0.016,
        0.0029999999999999996,
        0.0,
        0.0
      ]
    },
    "GenAI (169p) (hardtanh)": {
      "ber_mean": [
        0.3821666666666667,
        0.34400000000000003,
        0.2985,
        0.2568333333333333,
        0.22816666666666666,
        0.20650000000000002,
        0.19499999999999998,
        0.19133333333333336,
        0.19583333333333333,
        0.20450000000000002,
        0.21266666666666667
      ]
    },
    "Hybrid (hardtanh)": {
      "ber_mean": [
        0.39349999999999996,
        0.3586666666666667,
        0.324,
        0.29916666666666664,
        0.2838333333333333,
        0.27233333333333337,
        0.26500000000000007,
        0.258,
        0.25316666666666665,
        0.25266666666666665,
        0.2528333333333333
      ]
    },
    "VAE (hardtanh)": {
      "ber_mean": [
        0.41,
        0.38316666666666666,
        0.3511666666666667,
        0.324,
        0.296,
        0.26766666666666666,
        0.24816666666666665,
        0.23216666666666666,
        0.22083333333333333,
        0.21516666666666664,
        0.215
      ]
    },