{
  "created": "2026-03-23T18:30:17.363906",
  "snr_range": [
    0,
    2,
    4,
    6,
    8,
    10,
    12,
    14,
    16,
    18,
    20
  ],
  "results": {
    "AF (sigmoid)": {
      "ber_mean": [
        0.449,
        0.4195,
        0.3893333333333333,
        0.3431666666666667,
        0.2913333333333334,
        0.23783333333333334,
        0.18766666666666665,
        0.138,
        0.102,
        0.07033333333333334,
        0.04650000000000001
      ]
    },
    "DF (sigmoid)": {
      "ber_mean": [
        0.413,
        0.3815,
        0.3471666666666667,
        0.3035,
        0.25433333333333336,
        0.20616666666666664,
        0.1575,
        0.11566666666666665,
        0.08166666666666667,
        0.056499999999999995,
        0.03933333333333333
      ]
    },
    "GenAI (169p) (sigmoid)": {
      "ber_mean": [
        0.4243333333333333,
        0.3921666666666667,
        0.3635,
        0.32833333333333337,
        0.29383333333333334,
        0.2628333333333333,
        0.23783333333333334,
        0.2215,
        0.21516666666666664,
        0.211,
        0.21216666666666664
      ]
    },
    "Hybrid (sigmoid)": {
      "ber_mean": [
        0.42216666666666663,
        0.39166666666666666,
        0.35733333333333334,
        0.3495,
        0.317,
        0.29183333333333333,
        0.296,
        0.2806666666666667,
        0.27133333333333337,
        0.265,
        0.2618333333333333
      ]
    },
    "VAE (sigmoid)": {
      "ber_mean": [
        0.4643333333333333,
        0.4535,
        0.4426666666666666,
        0.42049999999999993,
        0.3998333333333333,
        0.3821666666666667,
        0.3638333333333333,
        0.3498333333333333,
        0.3305,
        0.3256666666666667,
        0.31633333333333336
      ]
    },
    "CGAN (WGAN-GP) (sigmoid)": {
      "ber_mean": [
        0.427,
        0.4045,
        0.373,
        0.3388333333333333,
        0.30866666666666664,
        0.28,
        0.25566666666666665,
        0.23916666666666667,
        0.2265,
        0.21833333333333335,
        0.21533333333333335
      ]
    },
    "Transformer (sigmoid)": {
      "ber_mean": [
        0.4573333333333333,
        0.4255,
        0.3881666666666666,
        0.3373333333333333,
        0.28600000000000003,
        0.2316666666666667,
        0.18983333333333333,
        0.15416666666666667,
        0.12083333333333333,
        0.09649999999999999,
        0.07766666666666666
      ]
    },
    "Mamba S6 (sigmoid)": {
      "ber_mean": [
        0.4518333333333333,
        0.4191666666666667,
        0.3825,
        0.33549999999999996,
        0.2818333333333333,
        0.2293333333333333,
        0.18466666666666667,
        0.14416666666666667,
        0.11083333333333333,
        0.08783333333333333,
        0.06583333333333334
      ]
    },
    "Mamba2 (SSD) (sigmoid)": {
      "ber_mean": [
        0.4523333333333333,
        0.41983333333333334,
        0.38199999999999995,
        0.33616666666666667,
        0.28250000000000003,
        0.22866666666666666,
        0.18499999999999997,
        0.14716666666666667,
        0.11533333333333333,
        0.09283333333333332,
        0.07383333333333335
      ]
    },
    "AF (hardtanh)": {
      "ber_mean": [
        0.449,
        0.4195,
        0.3893333333333333,
        0.3431666666666667,
        0.2913333333333334,
        0.23783333333333334,
        0.18766666666666665,
        0.138,
        0.102,
        0.07033333333333334,
        0.04650000000000001
      ]
    },
    "DF (hardtanh)": {
      "ber_mean": [
        0.413,
        0.3815,
        0.3471666666666667,
        0.3035,
        0.25433333333333336,
        0.20616666666666664,
        0.1575,
        0.11566666666666665,
        0.08166666666666667,
        0.056499999999999995,
        0.03933333333333333
      ]
    },
    "GenAI (169p) (hardtanh)": {
      "ber_mean": [
        0.42483333333333334,
        0.39333333333333337,
        0.36566666666666664,
        0.32866666666666666,
        0.297,
        0.26433333333333336,
        0.24083333333333332,
        0.227,
        0.217,
        0.20766666666666667,
        0.20550000000000002
      ]
    },
    "Hybrid (hardtanh)": {
      "ber_mean": [
        0.4263333333333333,
        0.393,
        0.36366666666666664,
        0.35133333333333333,
        0.31983333333333336,
        0.2936666666666667,
        0.296,
        0.2806666666666667,
        0.27133333333333337,
        0.265,
        0.2618333333333333
      ]
    },
    "VAE (hardtanh)": {
      "ber_mean": [
        0.49300000000000005,
        0.4795,
        0.4825,
        0.4796666666666667,
        0.48299999999999993,
        0.4838333333333333,
        0.48733333333333334,
        0.48950000000000005,
        0.4961666666666667,
        0.5016666666666666,
        0.5035
      ]
    },
    "CGAN (WGAN-GP) (hardtanh)": {
      "ber_mean": [
        0.4355,
        0.40616666666666673,
        0.38033333333333336,
        0.34833333333333333,
        0.31583333333333335,
        0.2896666666666667,
        0.26783333333333337,
        0.25699999999999995,
        0.24866666666666667,
        0.24233333333333332,
        0.23883333333333331
      ]
    },
    "Transformer (hardtanh)": {
      "ber_mean": [
        0.45050000000000007,
        0.4191666666666667,
        0.383,
        0.3393333333333333,
        0.28983333333333333,
        0.23433333333333337,
        0.1885,
        0.14983333333333335,
        0.11766666666666666,
        0.09933333333333334,
        0.079
      ]
    },
    "Mamba S6 (hardtanh)": {
      "ber_mean": [
        0.45050000000000007,
        0.4203333333333334,
        0.38399999999999995,
        0.3376666666666666,
        0.28200000000000003,
        0.2325,
        0.19183333333333333,
        0.158,
        0.13016666666666668,
        0.111,
        0.09383333333333332
      ]
    },
    "Mamba2 (SSD) (hardtanh)": {
      "ber_mean": [
        0.45199999999999996,
        0.42016666666666663,
        0.38083333333333336,
        0.33433333333333337,
        0.281,
        0.2305,
        0.18683333333333332,
        0.143,
        0.11299999999999999,
        0.08666666666666667,
        0.06416666666666666
      ]
    },
    "AF (scaled_tanh)": {
      "ber_mean": [
        0.449,
        0.4195,
        0.3893333333333333,
        0.3431666666666667,
        0.2913333333333334,
        0.23783333333333334,
        0.18766666666666665,
        0.138,
        0.102,
        0.07033333333333334,
        0.04650000000000001
      ]
    },
    "DF (scaled_tanh)": {
      "ber_mean": [
        0.413,
        0.3815,
        0.3471666666666667,
        0.3035,
        0.25433333333333336,
        0.20616666666666664,
        0.1575,
        0.11566666666666665,
        0.08166666666666667,
        0.056499999999999995,
        0.03933333333333333
      ]
    },
    "GenAI (169p) (scaled_tanh)": {
      "ber_mean": [
        0.42616666666666664,
        0.3938333333333333,
        0.365,
        0.3288333333333333,
        0.29716666666666663,
        0.26666666666666666,
        0.24583333333333335,
        0.2325,
        0.22566666666666668,
        0.22133333333333335,
        0.2195
      ]
    },
    "Hybrid (scaled_tanh)": {
      "ber_mean": [
        0.42383333333333334,
        0.393,
        0.3635,
        0.35233333333333333,
        0.32033333333333336,
        0.2966666666666667,
        0.296,
        0.2806666666666667,
        0.27133333333333337,
        0.265,
        0.2618333333333333
      ]
    },
    "VAE (scaled_tanh)": {
      "ber_mean": [
        0.4885,
        0.48033333333333333,
        0.4815,
        0.4768333333333333,
        0.47933333333333333,
        0.47783333333333333,
        0.4845,
        0.48783333333333334,
        0.49066666666666664,
        0.4974999999999999,
        0.4965
      ]
    },