{
  "created": "2026-03-23T18:21:59.286840",
  "snr_range": [
    0,
    2,
    4,
    6,
    8,
    10,
    12,
    14,
    16,
    18,
    20
  ],
  "results": {
    "AF (sigmoid)": {
      "ber_mean": [
        0.27716666666666673,
        0.21516666666666664,
        0.14266666666666666,
        0.08683333333333332,
        0.04016666666666666,
        0.013166666666666667,
        0.0028333333333333335,
        0.00016666666666666666,
        0.0,
        0.0,
        0.0
      ]
    },
    "DF (sigmoid)": {
      "ber_mean": [
        0.2595,
        0.18166666666666664,
        0.109,
        0.04516666666666666,
        0.010833333333333334,
        0.0018333333333333333,
        0.0,
        0.0,
        0.0,
        0.0,
        0.0
      ]
    },
    "GenAI (169p) (sigmoid)": {
      "ber_mean": [
        0.24983333333333332,
        0.17933333333333334,
        0.11,
        0.05366666666666667,
        0.019,
        0.004333333333333334,
        0.001,
        0.0,
        0.0,
        0.0,
        0.0
      ]
    },
    "Hybrid (sigmoid)": {
      "ber_mean": [
        0.2595,
        0.18166666666666664,
        0.109,
        0.04516666666666666,
        0.010833333333333334,
        0.0018333333333333333,
        0.0,
        0.0,
        0.0,
        0.0,
        0.0
      ]
    },
    "VAE (sigmoid)": {
      "ber_mean": [
        0.441,
        0.4335,
        0.43450000000000005,
        0.43849999999999995,
        0.44250000000000006,
        0.4526666666666667,
        0.46649999999999997,
        0.47300000000000003,
        0.4796666666666667,
        0.48166666666666663,
        0.4828333333333334
      ]
    },
    "CGAN (WGAN-GP) (sigmoid)": {
      "ber_mean": [
        0.2511666666666667,
        0.17883333333333332,
        0.108,
        0.051333333333333335,
        0.0165,
        0.0033333333333333335,
        0.0003333333333333333,
        0.0,
        0.0,
        0.0,
        0.0
      ]
    },
    "Transformer (sigmoid)": {
      "ber_mean": [
        0.26983333333333337,
        0.204,
        0.1355,
        0.08133333333333333,
        0.037500000000000006,
        0.012666666666666666,
        0.0026666666666666666,
        0.00016666666666666666,
        0.0,
        0.0,
        0.0
      ]
    },
    "Mamba S6 (sigmoid)": {
      "ber_mean": [
        0.2608333333333333,
        0.19116666666666668,
        0.12416666666666666,
        0.069,
        0.03133333333333333,
        0.0105,
        0.0018333333333333333,
        0.0003333333333333333,
        0.0,
        0.0,
        0.0
      ]
    },
    "Mamba2 (SSD) (sigmoid)": {
      "ber_mean": [
        0.26299999999999996,
        0.1945,
        0.1255,
        0.07366666666666667,
        0.034333333333333334,
        0.011166666666666667,
        0.002166666666666667,
        0.00016666666666666666,
        0.0,
        0.0,
        0.0
      ]
    },
    "AF (hardtanh)": {
      "ber_mean": [
        0.27716666666666673,
        0.21516666666666664,
        0.14266666666666666,
        0.08683333333333332,
        0.04016666666666666,
        0.013166666666666667,
        0.0028333333333333335,
        0.00016666666666666666,
        0.0,
        0.0,
        0.0
      ]
    },
    "DF (hardtanh)": {
      "ber_mean": [
        0.2595,
        0.18166666666666664,
        0.109,
        0.04516666666666666,
        0.010833333333333334,
        0.0018333333333333333,
        0.0,
        0.0,
        0.0,
        0.0,
        0.0
      ]
    },
    "GenAI (169p) (hardtanh)": {
      "ber_mean": [
        0.2505,
        0.17983333333333332,
        0.10833333333333334,
        0.051,
        0.01933333333333333,
        0.004,
        0.0013333333333333333,
        0.0,
        0.0,
        0.0,
        0.0
      ]
    },
    "Hybrid (hardtanh)": {
      "ber_mean": [
        0.2595,
        0.18166666666666664,
        0.109,
        0.04516666666666666,
        0.010833333333333334,
        0.0018333333333333333,
        0.0,
        0.0,
        0.0,
        0.0,
        0.0
      ]
    },
    "VAE (hardtanh)": {
      "ber_mean": [
        0.43683333333333335,
        0.43366666666666664,
        0.4395,
        0.44649999999999995,
        0.4531666666666667,
        0.4686666666666666,
        0.48333333333333334,
        0.49233333333333335,
        0.4991666666666666,
        0.5016666666666666,
        0.5018333333333334
      ]
    },
    "CGAN (WGAN-GP) (hardtanh)": {
      "ber_mean": [
        0.254,
        0.18099999999999997,
        0.11066666666666668,
        0.049999999999999996,
        0.018500000000000003,
        0.004166666666666667,
        0.001,
        0.0,
        0.0,
        0.0,
        0.0
      ]
    },
    "Transformer (hardtanh)": {
      "ber_mean": [
        0.2773333333333334,
        0.213,
        0.14033333333333334,
        0.085,
        0.03916666666666666,
        0.013,
        0.0026666666666666666,
        0.00016666666666666666,
        0.0,
        0.0,
        0.0
      ]
    },
    "Mamba S6 (hardtanh)": {
      "ber_mean": [
        0.2611666666666667,
        0.19699999999999998,
        0.12766666666666668,
        0.07333333333333332,
        0.03183333333333333,
        0.0095,
        0.002166666666666667,
        0.0,
        0.0,
        0.0,
        0.0
      ]
    },
    "Mamba2 (SSD) (hardtanh)": {
      "ber_mean": [
        0.2608333333333333,
        0.19433333333333333,
        0.127,
        0.07933333333333333,
        0.03816666666666666,
        0.015,
        0.003833333333333333,
        0.0005,
        0.0,
        0.0,
        0.0
      ]
    },
    "AF (scaled_tanh)": {
      "ber_mean": [
        0.27716666666666673,
        0.21516666666666664,
        0.14266666666666666,
        0.08683333333333332,
        0.04016666666666666,
        0.013166666666666667,
        0.0028333333333333335,
        0.00016666666666666666,
        0.0,
        0.0,
        0.0
      ]
    },
    "DF (scaled_tanh)": {
      "ber_mean": [
        0.2595,
        0.18166666666666664,
        0.109,
        0.04516666666666666,
        0.010833333333333334,
        0.0018333333333333333,
        0.0,
        0.0,
        0.0,
        0.0,
        0.0
      ]
    },
    "GenAI (169p) (scaled_tanh)": {
      "ber_mean": [
        0.251,
        0.17933333333333334,
        0.11066666666666668,
        0.050499999999999996,
        0.016666666666666666,
        0.004,
        0.001,
        0.0,
        0.0,
        0.0,
        0.0
      ]
    },
    "Hybrid (scaled_tanh)": {
      "ber_mean": [
        0.2595,
        0.18166666666666664,
        0.109,
        0.04516666666666666,
        0.010833333333333334,
        0.0018333333333333333,
        0.0,
        0.0,
        0.0,
        0.0,
        0.0
      ]
    },
    "VAE (scaled_tanh)": {
      "ber_mean": [
        0.43483333333333335,
        0.43016666666666664,
        0.4323333333333334,
        0.4355,
        0.44483333333333336,
        0.45516666666666666,
        0.4706666666666666,
        0.4836666666666667,
        0.4923333333333333,
        0.4963333333333333,
        0.4991666666666667
      ]
    },
    "CGAN (WGAN-GP) (scaled_tanh)": {
      "ber_mean": [
        0.2505,
        0.17833333333333334,
        0.11033333333333334,
        0.04933333333333333,
        0.015166666666666667,
        0.0026666666666666666,
        0.0003333333333333333,
        0.0,
        0.0,
        0.0,
        0.0
      ]
    },
    "Transformer (scaled_tanh)": {
      "ber_mean": [
        0.26733333333333337,
        0.2011666666666667,
        0.13083333333333333,
        0.07866666666666666,
        0.036666666666666674,
        0.011833333333333333,
        0.0025,
        0.00016666666666666666,
        0.0,
        0.0,
        0.0
      ]
    },