{
  "created": "2026-03-23T18:24:51.579860",
  "snr_range": [
    0,
    2,
    4,
    6,
    8,
    10,
    12,
    14,
    16,
    18,
    20
  ],
  "results": {
    "AF (sigmoid)": {
      "ber_mean": [
        0.4036666666666667,
        0.35883333333333334,
        0.311,
        0.24883333333333335,
        0.18733333333333335,
        0.13083333333333333,
        0.08666666666666667,
        0.055333333333333325,
        0.035,
        0.020833333333333332,
        0.013
      ]
    },
    "DF (sigmoid)": {
      "ber_mean": [
        0.33016666666666666,
        0.2753333333333333,
        0.2145,
        0.16616666666666666,
        0.12416666666666666,
        0.08616666666666666,
        0.058166666666666665,
        0.03716666666666666,
        0.024333333333333332,
        0.017,
        0.011833333333333335
      ]
    },
    "GenAI (169p) (sigmoid)": {
      "ber_mean": [
        0.3265,
        0.2753333333333334,
        0.22466666666666665,
        0.17616666666666667,
        0.12916666666666668,
        0.09433333333333334,
        0.06283333333333334,
        0.042,
        0.027,
        0.017333333333333336,
        0.012500000000000002
      ]
    },
    "Hybrid (sigmoid)": {
      "ber_mean": [
        0.322,
        0.273,
        0.2225,
        0.17033333333333334,
        0.1275,
        0.08800000000000001,
        0.058166666666666665,
        0.03716666666666666,
        0.024333333333333332,
        0.017,
        0.011833333333333335
      ]
    },
    "VAE (sigmoid)": {
      "ber_mean": [
        0.46483333333333327,
        0.4571666666666667,
        0.4495,
        0.4498333333333333,
        0.4491666666666667,
        0.45549999999999996,
        0.459,
        0.46683333333333327,
        0.4741666666666666,
        0.4763333333333333,
        0.4795
      ]
    },
    "CGAN (WGAN-GP) (sigmoid)": {
      "ber_mean": [
        0.32716666666666666,
        0.2743333333333333,
        0.2225,
        0.17300000000000001,
        0.12816666666666668,
        0.09166666666666667,
        0.06083333333333333,
        0.03983333333333333,
        0.027499999999999997,
        0.016833333333333336,
        0.011500000000000002
      ]
    },
    "Transformer (sigmoid)": {
      "ber_mean": [
        0.416,
        0.36766666666666664,
        0.313,
        0.246,
        0.18166666666666667,
        0.12533333333333332,
        0.0835,
        0.05266666666666667,
        0.035,
        0.021,
        0.013
      ]
    },
    "Mamba S6 (sigmoid)": {
      "ber_mean": [
        0.41050000000000003,
        0.36400000000000005,
        0.31116666666666665,
        0.24716666666666665,
        0.18216666666666667,
        0.1255,
        0.08166666666666667,
        0.05233333333333334,
        0.03283333333333333,
        0.020666666666666667,
        0.013
      ]
    },
    "Mamba2 (SSD) (sigmoid)": {
      "ber_mean": [
        0.40950000000000003,
        0.36133333333333334,
        0.3073333333333333,
        0.24150000000000002,
        0.17650000000000002,
        0.12066666666666666,
        0.079,
        0.04866666666666667,
        0.03166666666666667,
        0.020333333333333335,
        0.013
      ]
    },
    "AF (hardtanh)": {
      "ber_mean": [
        0.4036666666666667,
        0.35883333333333334,
        0.311,
        0.24883333333333335,
        0.18733333333333335,
        0.13083333333333333,
        0.08666666666666667,
        0.055333333333333325,
        0.035,
        0.020833333333333332,
        0.013
      ]
    },
    "DF (hardtanh)": {
      "ber_mean": [
        0.33016666666666666,
        0.2753333333333333,
        0.2145,
        0.16616666666666666,
        0.12416666666666666,
        0.08616666666666666,
        0.058166666666666665,
        0.03716666666666666,
        0.024333333333333332,
        0.017,
        0.011833333333333335
      ]
    },
    "GenAI (169p) (hardtanh)": {
      "ber_mean": [
        0.3233333333333333,
        0.27166666666666667,
        0.22166666666666668,
        0.17300000000000001,
        0.12916666666666668,
        0.09433333333333334,
        0.0635,
        0.039,
        0.027999999999999997,
        0.017333333333333336,
        0.012666666666666666
      ]
    },
    "Hybrid (hardtanh)": {
      "ber_mean": [
        0.32283333333333336,
        0.27183333333333337,
        0.22083333333333333,
        0.17366666666666664,
        0.12883333333333333,
        0.08849999999999998,
        0.058166666666666665,
        0.03716666666666666,
        0.024333333333333332,
        0.017,
        0.011833333333333335
      ]
    },
    "VAE (hardtanh)": {
      "ber_mean": [
        0.44716666666666666,
        0.42816666666666664,
        0.4043333333333334,
        0.37916666666666665,
        0.3535,
        0.332,
        0.30816666666666664,
        0.2885,
        0.2723333333333333,
        0.2631666666666667,
        0.2565
      ]
    },
    "CGAN (WGAN-GP) (hardtanh)": {
      "ber_mean": [
        0.3273333333333333,
        0.27466666666666667,
        0.21816666666666665,
        0.16983333333333336,
        0.12566666666666668,
        0.09133333333333334,
        0.062,
        0.0385,
        0.026833333333333334,
        0.0175,
        0.012000000000000002
      ]
    },
    "Transformer (hardtanh)": {
      "ber_mean": [
        0.4108333333333334,
        0.36283333333333334,
        0.30866666666666664,
        0.247,
        0.1825,
        0.12533333333333332,
        0.0825,
        0.052833333333333336,
        0.03366666666666667,
        0.021,
        0.012833333333333334
      ]
    },
    "Mamba S6 (hardtanh)": {
      "ber_mean": [
        0.4078333333333333,
        0.359,
        0.30433333333333334,
        0.23933333333333337,
        0.1748333333333333,
        0.1185,
        0.07733333333333332,
        0.04916666666666667,
        0.030666666666666665,
        0.019833333333333335,
        0.012833333333333334
      ]
    },
    "Mamba2 (SSD) (hardtanh)": {
      "ber_mean": [
        0.4126666666666667,
        0.3653333333333333,
        0.31233333333333335,
        0.248,
        0.18233333333333335,
        0.12483333333333334,
        0.08066666666666666,
        0.05316666666666667,
        0.03283333333333333,
        0.02016666666666667,
        0.013166666666666667
      ]
    },
    "AF (scaled_tanh)": {
      "ber_mean": [
        0.4036666666666667,
        0.35883333333333334,
        0.311,
        0.24883333333333335,
        0.18733333333333335,
        0.13083333333333333,
        0.08666666666666667,
        0.055333333333333325,
        0.035,
        0.020833333333333332,
        0.013
      ]
    },
    "DF (scaled_tanh)": {
      "ber_mean": [
        0.33016666666666666,
        0.2753333333333333,
        0.2145,
        0.16616666666666666,
        0.12416666666666666,
        0.08616666666666666,
        0.058166666666666665,
        0.03716666666666666,
        0.024333333333333332,
        0.017,
        0.011833333333333335
      ]
    },
    "GenAI (169p) (scaled_tanh)": {
      "ber_mean": [
        0.32166666666666666,
        0.27116666666666667,
        0.22183333333333333,
        0.17066666666666666,
        0.12766666666666668,
        0.09349999999999999,
        0.06266666666666666,
        0.03933333333333333,
        0.02666666666666667,
        0.017499999999999998,
        0.012333333333333333
      ]
    },
    "Hybrid (scaled_tanh)": {
      "ber_mean": [
        0.3216666666666667,
        0.2715,
        0.22316666666666665,
        0.17266666666666666,
        0.127,
        0.08833333333333333,
        0.058166666666666665,
        0.03716666666666666,
        0.024333333333333332,
        0.017,
        0.011833333333333335
      ]
    },